pair_id,dataset,query_index,query_incident_id,query_family_id,query_timestamp,query_y_true,query_time_to_escalation,set_a_method,set_b_method,seed,set_a_method_score,set_a_method_score_band,set_a_analog1_train_index,set_a_analog1_incident_id,set_a_analog1_family_id,set_a_analog1_label,set_a_analog1_time_to_escalation,set_a_analog2_train_index,set_a_analog2_incident_id,set_a_analog2_family_id,set_a_analog2_label,set_a_analog2_time_to_escalation,set_a_analog3_train_index,set_a_analog3_incident_id,set_a_analog3_family_id,set_a_analog3_label,set_a_analog3_time_to_escalation,set_a_analog4_train_index,set_a_analog4_incident_id,set_a_analog4_family_id,set_a_analog4_label,set_a_analog4_time_to_escalation,set_a_analog5_train_index,set_a_analog5_incident_id,set_a_analog5_family_id,set_a_analog5_label,set_a_analog5_time_to_escalation,set_b_method_score,set_b_method_score_band,set_b_analog1_train_index,set_b_analog1_incident_id,set_b_analog1_family_id,set_b_analog1_label,set_b_analog1_time_to_escalation,set_b_analog2_train_index,set_b_analog2_incident_id,set_b_analog2_family_id,set_b_analog2_label,set_b_analog2_time_to_escalation,set_b_analog3_train_index,set_b_analog3_incident_id,set_b_analog3_family_id,set_b_analog3_label,set_b_analog3_time_to_escalation,set_b_analog4_train_index,set_b_analog4_incident_id,set_b_analog4_family_id,set_b_analog4_label,set_b_analog4_time_to_escalation,set_b_analog5_train_index,set_b_analog5_incident_id,set_b_analog5_family_id,set_b_analog5_label,set_b_analog5_time_to_escalation
pair_e64a3fef638c,ATLASv2 held-out-family,78,atlasv2/h1-s4,atlasv2/s4,1658277000,1,20.0,Prefix-Only,TRACER route,7,0.09469382464885712,top_decile,146,atlasv2/h1-benign-seg002,atlasv2/benign-h1-seg002,0,45.0,423,atlasv2/h1-m1,atlasv2/m1,0,45.0,373,atlasv2/h1-s2,atlasv2/s2,1,25.0,360,atlasv2/h1-s2,atlasv2/s2,0,65.0,359,atlasv2/h1-s1,atlasv2/s1,0,45.0,0.2597126066684723,top_decile,146,atlasv2/h1-benign-seg002,atlasv2/benign-h1-seg002,0,45.0,369,atlasv2/h1-s1,atlasv2/s1,0,45.0,423,atlasv2/h1-m1,atlasv2/m1,0,45.0,373,atlasv2/h1-s2,atlasv2/s2,1,25.0,361,atlasv2/h1-s1,atlasv2/s1,0,45.0
pair_ca5160819d86,ATLASv2 held-out-family,79,atlasv2/h1-s4,atlasv2/s4,1658277300,1,15.0,TRACER route,Prefix-Only,7,0.2297365814447403,top_decile,362,atlasv2/h1-s2,atlasv2/s2,0,60.0,361,atlasv2/h1-s1,atlasv2/s1,0,45.0,373,atlasv2/h1-s2,atlasv2/s2,1,25.0,369,atlasv2/h1-s1,atlasv2/s1,0,45.0,146,atlasv2/h1-benign-seg002,atlasv2/benign-h1-seg002,0,45.0,0.1119312196969986,top_decile,362,atlasv2/h1-s2,atlasv2/s2,0,60.0,361,atlasv2/h1-s1,atlasv2/s1,0,45.0,373,atlasv2/h1-s2,atlasv2/s2,1,25.0,360,atlasv2/h1-s2,atlasv2/s2,0,65.0,359,atlasv2/h1-s1,atlasv2/s1,0,45.0
pair_7c3322c72ddd,ATLASv2 held-out-family,80,atlasv2/h1-s4,atlasv2/s4,1658277600,1,10.0,TRACER route,Prefix-Only,7,0.18349863588809967,top_decile,365,atlasv2/h1-s1,atlasv2/s1,0,45.0,363,atlasv2/h1-s1,atlasv2/s1,0,45.0,367,atlasv2/h1-s1,atlasv2/s1,0,45.0,2,atlasv2/h1-benign-seg000,atlasv2/benign-h1-seg000,0,45.0,0,atlasv2/h1-benign-seg000,atlasv2/benign-h1-seg000,0,45.0,0.03859119862318039,top_decile,365,atlasv2/h1-s1,atlasv2/s1,0,45.0,363,atlasv2/h1-s1,atlasv2/s1,0,45.0,367,atlasv2/h1-s1,atlasv2/s1,0,45.0,375,atlasv2/h1-s2,atlasv2/s2,1,15.0,364,atlasv2/h1-s2,atlasv2/s2,0,55.0
pair_b8d8a2cc980a,ATLASv2 held-out-family,81,atlasv2/h1-s4,atlasv2/s4,1658277900,1,5.0,Prefix-Only,TRACER route,7,0.021389130502939224,top_decile,365,atlasv2/h1-s1,atlasv2/s1,0,45.0,363,atlasv2/h1-s1,atlasv2/s1,0,45.0,367,atlasv2/h1-s1,atlasv2/s1,0,45.0,0,atlasv2/h1-benign-seg000,atlasv2/benign-h1-seg000,0,45.0,2,atlasv2/h1-benign-seg000,atlasv2/benign-h1-seg000,0,45.0,0.13527557253837585,top_decile,365,atlasv2/h1-s1,atlasv2/s1,0,45.0,363,atlasv2/h1-s1,atlasv2/s1,0,45.0,367,atlasv2/h1-s1,atlasv2/s1,0,45.0,364,atlasv2/h1-s2,atlasv2/s2,0,55.0,366,atlasv2/h1-s2,atlasv2/s2,0,50.0
pair_7e51ee591c81,ATLASv2 held-out-family,73,atlasv2/h1-s4,atlasv2/s4,1658275500,0,45.0,Prefix-Only,TRACER route,7,0.017864402383565903,high_quartile,150,atlasv2/h1-benign-seg002,atlasv2/benign-h1-seg002,0,45.0,148,atlasv2/h1-benign-seg002,atlasv2/benign-h1-seg002,0,45.0,427,atlasv2/h1-m1,atlasv2/m1,0,45.0,425,atlasv2/h1-m1,atlasv2/m1,0,45.0,368,atlasv2/h1-s2,atlasv2/s2,0,45.0,0.12621916830539703,top_decile,150,atlasv2/h1-benign-seg002,atlasv2/benign-h1-seg002,0,45.0,148,atlasv2/h1-benign-seg002,atlasv2/benign-h1-seg002,0,45.0,425,atlasv2/h1-m1,atlasv2/m1,0,45.0,427,atlasv2/h1-m1,atlasv2/m1,0,45.0,368,atlasv2/h1-s2,atlasv2/s2,0,45.0
pair_b2559ed38310,ATLASv2 held-out-family,45,atlasv2/h1-benign-seg034,atlasv2/benign-h1-seg034,1658261700,0,45.0,TRACER route,Prefix-Only,7,0.12621915340423584,top_decile,150,atlasv2/h1-benign-seg002,atlasv2/benign-h1-seg002,0,45.0,148,atlasv2/h1-benign-seg002,atlasv2/benign-h1-seg002,0,45.0,425,atlasv2/h1-m1,atlasv2/m1,0,45.0,427,atlasv2/h1-m1,atlasv2/m1,0,45.0,368,atlasv2/h1-s2,atlasv2/s2,0,45.0,0.017864402383565903,high_quartile,150,atlasv2/h1-benign-seg002,atlasv2/benign-h1-seg002,0,45.0,148,atlasv2/h1-benign-seg002,atlasv2/benign-h1-seg002,0,45.0,427,atlasv2/h1-m1,atlasv2/m1,0,45.0,425,atlasv2/h1-m1,atlasv2/m1,0,45.0,368,atlasv2/h1-s2,atlasv2/s2,0,45.0
pair_56ffde24f235,ATLASv2 held-out-family,62,atlasv2/h1-benign-seg035,atlasv2/benign-h1-seg035,1658272800,0,45.0,TRACER route,Prefix-Only,7,0.12621915340423584,top_decile,150,atlasv2/h1-benign-seg002,atlasv2/benign-h1-seg002,0,45.0,148,atlasv2/h1-benign-seg002,atlasv2/benign-h1-seg002,0,45.0,425,atlasv2/h1-m1,atlasv2/m1,0,45.0,427,atlasv2/h1-m1,atlasv2/m1,0,45.0,368,atlasv2/h1-s2,atlasv2/s2,0,45.0,0.017864402383565903,high_quartile,150,atlasv2/h1-benign-seg002,atlasv2/benign-h1-seg002,0,45.0,148,atlasv2/h1-benign-seg002,atlasv2/benign-h1-seg002,0,45.0,427,atlasv2/h1-m1,atlasv2/m1,0,45.0,425,atlasv2/h1-m1,atlasv2/m1,0,45.0,368,atlasv2/h1-s2,atlasv2/s2,0,45.0
pair_d01460c6a60b,ATLASv2 held-out-family,82,atlasv2/h1-s4,atlasv2/s4,1658278200,0,45.0,TRACER route,Prefix-Only,7,0.005787935107946396,high_quartile,379,atlasv2/h1-s3,atlasv2/s3,0,45.0,152,atlasv2/h1-benign-seg002,atlasv2/benign-h1-seg002,0,45.0,423,atlasv2/h1-m1,atlasv2/m1,0,45.0,360,atlasv2/h1-s2,atlasv2/s2,0,65.0,359,atlasv2/h1-s1,atlasv2/s1,0,45.0,0.04683272913098335,top_decile,379,atlasv2/h1-s3,atlasv2/s3,0,45.0,367,atlasv2/h1-s1,atlasv2/s1,0,45.0,383,atlasv2/h1-s3,atlasv2/s3,0,45.0,375,atlasv2/h1-s2,atlasv2/s2,1,15.0,365,atlasv2/h1-s1,atlasv2/s1,0,45.0
pair_1552a25d51be,ATLASv2 held-out-family,36,atlasv2/h2-benign-seg034,atlasv2/benign-h2-seg034,1658259300,0,45.0,Prefix-Only,TRACER route,7,0.0002977571275550872,middle,434,atlasv2/h2-m2,atlasv2/m2,0,45.0,11,atlasv2/h2-benign-seg000,atlasv2/benign-h2-seg000,0,45.0,292,atlasv2/h2-benign-seg018,atlasv2/benign-h2-seg018,0,45.0,82,atlasv2/h2-benign-seg001,atlasv2/benign-h2-seg001,0,45.0,269,atlasv2/h2-benign-seg016,atlasv2/benign-h2-seg016,0,45.0,0.00123880198225379,middle,11,atlasv2/h2-benign-seg000,atlasv2/benign-h2-seg000,0,45.0,434,atlasv2/h2-m2,atlasv2/m2,0,45.0,82,atlasv2/h2-benign-seg001,atlasv2/benign-h2-seg001,0,45.0,70,atlasv2/h2-benign-seg001,atlasv2/benign-h2-seg001,0,45.0,13,atlasv2/h2-benign-seg000,atlasv2/benign-h2-seg000,0,45.0
pair_df4b469117f4,ATLASv2 held-out-family,37,atlasv2/h2-benign-seg034,atlasv2/benign-h2-seg034,1658259600,0,45.0,TRACER route,Prefix-Only,7,0.0011209063231945038,middle,91,atlasv2/h2-benign-seg002,atlasv2/benign-h2-seg002,0,45.0,70,atlasv2/h2-benign-seg001,atlasv2/benign-h2-seg001,0,45.0,13,atlasv2/h2-benign-seg000,atlasv2/benign-h2-seg000,0,45.0,60,atlasv2/h2-benign-seg001,atlasv2/benign-h2-seg001,0,45.0,18,atlasv2/h2-benign-seg000,atlasv2/benign-h2-seg000,0,45.0,0.0002916179655585438,low_quartile,91,atlasv2/h2-benign-seg002,atlasv2/benign-h2-seg002,0,45.0,70,atlasv2/h2-benign-seg001,atlasv2/benign-h2-seg001,0,45.0,13,atlasv2/h2-benign-seg000,atlasv2/benign-h2-seg000,0,45.0,68,atlasv2/h2-benign-seg001,atlasv2/benign-h2-seg001,0,45.0,62,atlasv2/h2-benign-seg001,atlasv2/benign-h2-seg001,0,45.0
pair_c13503949907,ATLASv2 held-out-family,35,atlasv2/h2-benign-seg034,atlasv2/benign-h2-seg034,1658259000,0,45.0,TRACER route,Prefix-Only,7,0.0009605907835066319,middle,433,atlasv2/h2-m2,atlasv2/m2,0,45.0,384,atlasv2/h2-m1,atlasv2/m1,0,45.0,149,atlasv2/h2-benign-seg002,atlasv2/benign-h2-seg002,0,45.0,151,atlasv2/h2-benign-seg002,atlasv2/benign-h2-seg002,0,45.0,80,atlasv2/h2-benign-seg001,atlasv2/benign-h2-seg001,0,45.0,0.0008522438001818955,middle,433,atlasv2/h2-m2,atlasv2/m2,0,45.0,325,atlasv2/h2-benign-seg018,atlasv2/benign-h2-seg018,0,45.0,398,atlasv2/h2-m1,atlasv2/m1,0,45.0,149,atlasv2/h2-benign-seg002,atlasv2/benign-h2-seg002,0,45.0,151,atlasv2/h2-benign-seg002,atlasv2/benign-h2-seg002,0,45.0
pair_877b8c3525df,ATLASv2 held-out-family,34,atlasv2/h2-benign-seg034,atlasv2/benign-h2-seg034,1658258700,0,45.0,TRACER route,Prefix-Only,7,0.0008840649970807135,middle,432,atlasv2/h2-m2,atlasv2/m2,0,45.0,431,atlasv2/h2-m2,atlasv2/m2,0,45.0,428,atlasv2/h2-m1,atlasv2/m1,0,45.0,426,atlasv2/h2-m1,atlasv2/m1,0,45.0,424,atlasv2/h2-m1,atlasv2/m1,0,45.0,0.004595182836055756,middle,432,atlasv2/h2-m2,atlasv2/m2,0,45.0,431,atlasv2/h2-m2,atlasv2/m2,0,45.0,424,atlasv2/h2-m1,atlasv2/m1,0,45.0,396,atlasv2/h2-m1,atlasv2/m1,0,45.0,426,atlasv2/h2-m1,atlasv2/m1,0,45.0
pair_42e58e5807db,ATLASv2 held-out-family,33,atlasv2/h2-benign-seg034,atlasv2/benign-h2-seg034,1658258400,0,45.0,Prefix-Only,TRACER route,7,0.005363405682146549,middle,431,atlasv2/h2-m2,atlasv2/m2,0,45.0,432,atlasv2/h2-m2,atlasv2/m2,0,45.0,424,atlasv2/h2-m1,atlasv2/m1,0,45.0,396,atlasv2/h2-m1,atlasv2/m1,0,45.0,393,atlasv2/h2-m1,atlasv2/m1,0,45.0,0.0008533826912753284,middle,431,atlasv2/h2-m2,atlasv2/m2,0,45.0,432,atlasv2/h2-m2,atlasv2/m2,0,45.0,424,atlasv2/h2-m1,atlasv2/m1,0,45.0,426,atlasv2/h2-m1,atlasv2/m1,0,45.0,323,atlasv2/h2-benign-seg018,atlasv2/benign-h2-seg018,0,45.0
pair_c18d6bf319f0,ATLASv2 held-out-family,59,atlasv2/h2-benign-seg035,atlasv2/benign-h2-seg035,1658272200,0,45.0,Prefix-Only,TRACER route,7,0.0007636466179974377,middle,149,atlasv2/h2-benign-seg002,atlasv2/benign-h2-seg002,0,45.0,151,atlasv2/h2-benign-seg002,atlasv2/benign-h2-seg002,0,45.0,398,atlasv2/h2-m1,atlasv2/m1,0,45.0,400,atlasv2/h2-m1,atlasv2/m1,0,45.0,219,atlasv2/h2-benign-seg010,atlasv2/benign-h2-seg010,0,45.0,0.0008252071565948427,middle,149,atlasv2/h2-benign-seg002,atlasv2/benign-h2-seg002,0,45.0,151,atlasv2/h2-benign-seg002,atlasv2/benign-h2-seg002,0,45.0,243,atlasv2/h2-benign-seg016,atlasv2/benign-h2-seg016,0,45.0,309,atlasv2/h2-benign-seg018,atlasv2/benign-h2-seg018,0,45.0,311,atlasv2/h2-benign-seg018,atlasv2/benign-h2-seg018,0,45.0
pair_5d474318e93d,ATLASv2 held-out-family,65,atlasv2/h2-benign-seg035,atlasv2/benign-h2-seg035,1658273400,0,45.0,Prefix-Only,TRACER route,7,0.0002958764089271426,middle,329,atlasv2/h2-benign-seg018,atlasv2/benign-h2-seg018,0,45.0,313,atlasv2/h2-benign-seg018,atlasv2/benign-h2-seg018,0,45.0,436,atlasv2/h2-m2,atlasv2/m2,0,45.0,60,atlasv2/h2-benign-seg001,atlasv2/benign-h2-seg001,0,45.0,18,atlasv2/h2-benign-seg000,atlasv2/benign-h2-seg000,0,45.0,0.0007977194036357105,middle,313,atlasv2/h2-benign-seg018,atlasv2/benign-h2-seg018,0,45.0,329,atlasv2/h2-benign-seg018,atlasv2/benign-h2-seg018,0,45.0,68,atlasv2/h2-benign-seg001,atlasv2/benign-h2-seg001,0,45.0,62,atlasv2/h2-benign-seg001,atlasv2/benign-h2-seg001,0,45.0,18,atlasv2/h2-benign-seg000,atlasv2/benign-h2-seg000,0,45.0
pair_4fbef02c6d78,ATLASv2 held-out-family,54,atlasv2/h2-benign-seg035,atlasv2/benign-h2-seg035,1658270700,0,45.0,Prefix-Only,TRACER route,7,0.0002958764089271426,middle,329,atlasv2/h2-benign-seg018,atlasv2/benign-h2-seg018,0,45.0,313,atlasv2/h2-benign-seg018,atlasv2/benign-h2-seg018,0,45.0,436,atlasv2/h2-m2,atlasv2/m2,0,45.0,60,atlasv2/h2-benign-seg001,atlasv2/benign-h2-seg001,0,45.0,18,atlasv2/h2-benign-seg000,atlasv2/benign-h2-seg000,0,45.0,0.0007977189961820841,middle,313,atlasv2/h2-benign-seg018,atlasv2/benign-h2-seg018,0,45.0,329,atlasv2/h2-benign-seg018,atlasv2/benign-h2-seg018,0,45.0,68,atlasv2/h2-benign-seg001,atlasv2/benign-h2-seg001,0,45.0,62,atlasv2/h2-benign-seg001,atlasv2/benign-h2-seg001,0,45.0,18,atlasv2/h2-benign-seg000,atlasv2/benign-h2-seg000,0,45.0
pair_6c3006b2e636,ATLASv2 held-out-family,63,atlasv2/h2-benign-seg035,atlasv2/benign-h2-seg035,1658273100,0,45.0,Prefix-Only,TRACER route,7,0.0002964501909445971,middle,329,atlasv2/h2-benign-seg018,atlasv2/benign-h2-seg018,0,45.0,313,atlasv2/h2-benign-seg018,atlasv2/benign-h2-seg018,0,45.0,436,atlasv2/h2-m2,atlasv2/m2,0,45.0,60,atlasv2/h2-benign-seg001,atlasv2/benign-h2-seg001,0,45.0,18,atlasv2/h2-benign-seg000,atlasv2/benign-h2-seg000,0,45.0,0.0007948061102069914,middle,313,atlasv2/h2-benign-seg018,atlasv2/benign-h2-seg018,0,45.0,329,atlasv2/h2-benign-seg018,atlasv2/benign-h2-seg018,0,45.0,68,atlasv2/h2-benign-seg001,atlasv2/benign-h2-seg001,0,45.0,62,atlasv2/h2-benign-seg001,atlasv2/benign-h2-seg001,0,45.0,18,atlasv2/h2-benign-seg000,atlasv2/benign-h2-seg000,0,45.0
pair_7603dd16bda1,ATLASv2 held-out-family,42,atlasv2/h2-benign-seg034,atlasv2/benign-h2-seg034,1658261100,0,45.0,Prefix-Only,TRACER route,7,0.0006892584497109056,middle,149,atlasv2/h2-benign-seg002,atlasv2/benign-h2-seg002,0,45.0,151,atlasv2/h2-benign-seg002,atlasv2/benign-h2-seg002,0,45.0,398,atlasv2/h2-m1,atlasv2/m1,0,45.0,400,atlasv2/h2-m1,atlasv2/m1,0,45.0,384,atlasv2/h2-m1,atlasv2/m1,0,45.0,0.000759599672164768,low_quartile,149,atlasv2/h2-benign-seg002,atlasv2/benign-h2-seg002,0,45.0,151,atlasv2/h2-benign-seg002,atlasv2/benign-h2-seg002,0,45.0,243,atlasv2/h2-benign-seg016,atlasv2/benign-h2-seg016,0,45.0,384,atlasv2/h2-m1,atlasv2/m1,0,45.0,385,atlasv2/h2-m1,atlasv2/m1,0,45.0
pair_c016c34dd991,ATLASv2 held-out-family,43,atlasv2/h2-benign-seg034,atlasv2/benign-h2-seg034,1658261400,0,45.0,TRACER route,Prefix-Only,7,0.0007565304986201227,low_quartile,149,atlasv2/h2-benign-seg002,atlasv2/benign-h2-seg002,0,45.0,151,atlasv2/h2-benign-seg002,atlasv2/benign-h2-seg002,0,45.0,243,atlasv2/h2-benign-seg016,atlasv2/benign-h2-seg016,0,45.0,385,atlasv2/h2-m1,atlasv2/m1,0,45.0,384,atlasv2/h2-m1,atlasv2/m1,0,45.0,0.0006832627113908529,middle,151,atlasv2/h2-benign-seg002,atlasv2/benign-h2-seg002,0,45.0,149,atlasv2/h2-benign-seg002,atlasv2/benign-h2-seg002,0,45.0,398,atlasv2/h2-m1,atlasv2/m1,0,45.0,400,atlasv2/h2-m1,atlasv2/m1,0,45.0,384,atlasv2/h2-m1,atlasv2/m1,0,45.0
pair_50aa06c1019a,ATLASv2 held-out-family,44,atlasv2/h2-benign-seg034,atlasv2/benign-h2-seg034,1658261700,0,45.0,TRACER route,Prefix-Only,7,0.0007500865613110363,low_quartile,149,atlasv2/h2-benign-seg002,atlasv2/benign-h2-seg002,0,45.0,151,atlasv2/h2-benign-seg002,atlasv2/benign-h2-seg002,0,45.0,243,atlasv2/h2-benign-seg016,atlasv2/benign-h2-seg016,0,45.0,384,atlasv2/h2-m1,atlasv2/m1,0,45.0,385,atlasv2/h2-m1,atlasv2/m1,0,45.0,0.0006786035955883563,middle,151,atlasv2/h2-benign-seg002,atlasv2/benign-h2-seg002,0,45.0,149,atlasv2/h2-benign-seg002,atlasv2/benign-h2-seg002,0,45.0,398,atlasv2/h2-m1,atlasv2/m1,0,45.0,400,atlasv2/h2-m1,atlasv2/m1,0,45.0,384,atlasv2/h2-m1,atlasv2/m1,0,45.0
pair_11deb01e35f8,ATLASv2 held-out-family,61,atlasv2/h2-benign-seg035,atlasv2/benign-h2-seg035,1658272800,0,45.0,TRACER route,Prefix-Only,7,0.0006884890026412904,low_quartile,149,atlasv2/h2-benign-seg002,atlasv2/benign-h2-seg002,0,45.0,433,atlasv2/h2-m2,atlasv2/m2,0,45.0,151,atlasv2/h2-benign-seg002,atlasv2/benign-h2-seg002,0,45.0,384,atlasv2/h2-m1,atlasv2/m1,0,45.0,143,atlasv2/h2-benign-seg002,atlasv2/benign-h2-seg002,0,45.0,0.0008949809707701206,middle,433,atlasv2/h2-m2,atlasv2/m2,0,45.0,149,atlasv2/h2-benign-seg002,atlasv2/benign-h2-seg002,0,45.0,151,atlasv2/h2-benign-seg002,atlasv2/benign-h2-seg002,0,45.0,398,atlasv2/h2-m1,atlasv2/m1,0,45.0,384,atlasv2/h2-m1,atlasv2/m1,0,45.0
pair_4126f95b4b3e,ATLASv2 held-out-family,3,atlasv2/h2-benign-seg033,atlasv2/benign-h2-seg033,1658244600,0,45.0,TRACER route,Prefix-Only,7,0.0006746719009242952,low_quartile,386,atlasv2/h2-m1,atlasv2/m1,0,45.0,385,atlasv2/h2-m1,atlasv2/m1,0,45.0,311,atlasv2/h2-benign-seg018,atlasv2/benign-h2-seg018,0,45.0,54,atlasv2/h2-benign-seg001,atlasv2/benign-h2-seg001,0,45.0,56,atlasv2/h2-benign-seg001,atlasv2/benign-h2-seg001,0,45.0,0.0003233076131436974,middle,386,atlasv2/h2-m1,atlasv2/m1,0,45.0,385,atlasv2/h2-m1,atlasv2/m1,0,45.0,311,atlasv2/h2-benign-seg018,atlasv2/benign-h2-seg018,0,45.0,143,atlasv2/h2-benign-seg002,atlasv2/benign-h2-seg002,0,45.0,145,atlasv2/h2-benign-seg002,atlasv2/benign-h2-seg002,0,45.0
pair_a19b471c9ea3,ATLASv2 held-out-family,11,atlasv2/h2-benign-seg033,atlasv2/benign-h2-seg033,1658247000,0,45.0,TRACER route,Prefix-Only,7,0.0006746719009242952,low_quartile,386,atlasv2/h2-m1,atlasv2/m1,0,45.0,385,atlasv2/h2-m1,atlasv2/m1,0,45.0,311,atlasv2/h2-benign-seg018,atlasv2/benign-h2-seg018,0,45.0,54,atlasv2/h2-benign-seg001,atlasv2/benign-h2-seg001,0,45.0,56,atlasv2/h2-benign-seg001,atlasv2/benign-h2-seg001,0,45.0,0.0003233076131436974,middle,386,atlasv2/h2-m1,atlasv2/m1,0,45.0,385,atlasv2/h2-m1,atlasv2/m1,0,45.0,311,atlasv2/h2-benign-seg018,atlasv2/benign-h2-seg018,0,45.0,143,atlasv2/h2-benign-seg002,atlasv2/benign-h2-seg002,0,45.0,145,atlasv2/h2-benign-seg002,atlasv2/benign-h2-seg002,0,45.0
pair_d609f08c868d,ATLASv2 held-out-family,2,atlasv2/h2-benign-seg033,atlasv2/benign-h2-seg033,1658244300,0,45.0,TRACER route,Prefix-Only,7,0.0006744138081558049,low_quartile,385,atlasv2/h2-m1,atlasv2/m1,0,45.0,386,atlasv2/h2-m1,atlasv2/m1,0,45.0,311,atlasv2/h2-benign-seg018,atlasv2/benign-h2-seg018,0,45.0,54,atlasv2/h2-benign-seg001,atlasv2/benign-h2-seg001,0,45.0,56,atlasv2/h2-benign-seg001,atlasv2/benign-h2-seg001,0,45.0,0.00032436841866001487,middle,385,atlasv2/h2-m1,atlasv2/m1,0,45.0,386,atlasv2/h2-m1,atlasv2/m1,0,45.0,311,atlasv2/h2-benign-seg018,atlasv2/benign-h2-seg018,0,45.0,145,atlasv2/h2-benign-seg002,atlasv2/benign-h2-seg002,0,45.0,143,atlasv2/h2-benign-seg002,atlasv2/benign-h2-seg002,0,45.0
pair_a42ea5b56254,ATLASv2 held-out-family,60,atlasv2/h2-benign-seg035,atlasv2/benign-h2-seg035,1658272500,0,45.0,TRACER route,Prefix-Only,7,0.00028207089053466916,low_quartile,141,atlasv2/h2-benign-seg002,atlasv2/benign-h2-seg002,0,45.0,153,atlasv2/h2-benign-seg002,atlasv2/benign-h2-seg002,0,45.0,238,atlasv2/h2-benign-seg010,atlasv2/benign-h2-seg010,0,45.0,240,atlasv2/h2-benign-seg010,atlasv2/benign-h2-seg010,0,45.0,307,atlasv2/h2-benign-seg018,atlasv2/benign-h2-seg018,0,45.0,0.0006119176978245378,middle,153,atlasv2/h2-benign-seg002,atlasv2/benign-h2-seg002,0,45.0,307,atlasv2/h2-benign-seg018,atlasv2/benign-h2-seg018,0,45.0,216,atlasv2/h2-benign-seg010,atlasv2/benign-h2-seg010,0,45.0,273,atlasv2/h2-benign-seg017,atlasv2/benign-h2-seg017,0,45.0,319,atlasv2/h2-benign-seg018,atlasv2/benign-h2-seg018,0,45.0
pair_5bd957f0e7c4,ATLASv2 held-out-family,0,atlasv2/h2-benign-seg033,atlasv2/benign-h2-seg033,1658243700,0,45.0,TRACER route,Prefix-Only,7,0.0002888974267989397,low_quartile,216,atlasv2/h2-benign-seg010,atlasv2/benign-h2-seg010,0,45.0,240,atlasv2/h2-benign-seg010,atlasv2/benign-h2-seg010,0,45.0,297,atlasv2/h2-benign-seg018,atlasv2/benign-h2-seg018,0,45.0,299,atlasv2/h2-benign-seg018,atlasv2/benign-h2-seg018,0,45.0,294,atlasv2/h2-benign-seg018,atlasv2/benign-h2-seg018,0,45.0,0.0004344252811279148,middle,216,atlasv2/h2-benign-seg010,atlasv2/benign-h2-seg010,0,45.0,240,atlasv2/h2-benign-seg010,atlasv2/benign-h2-seg010,0,45.0,391,atlasv2/h2-m1,atlasv2/m1,0,45.0,319,atlasv2/h2-benign-seg018,atlasv2/benign-h2-seg018,0,45.0,323,atlasv2/h2-benign-seg018,atlasv2/benign-h2-seg018,0,45.0
pair_a54c270a2a55,ATLASv2 held-out-family,31,atlasv2/h2-benign-seg033,atlasv2/benign-h2-seg033,1658253000,0,45.0,TRACER route,Prefix-Only,7,0.00028949271654710174,low_quartile,147,atlasv2/h2-benign-seg002,atlasv2/benign-h2-seg002,0,45.0,422,atlasv2/h2-m1,atlasv2/m1,0,45.0,430,atlasv2/h2-m2,atlasv2/m2,0,45.0,394,atlasv2/h2-m1,atlasv2/m1,0,45.0,319,atlasv2/h2-benign-seg018,atlasv2/benign-h2-seg018,0,45.0,0.0006628828123211861,middle,147,atlasv2/h2-benign-seg002,atlasv2/benign-h2-seg002,0,45.0,319,atlasv2/h2-benign-seg018,atlasv2/benign-h2-seg018,0,45.0,268,atlasv2/h2-benign-seg016,atlasv2/benign-h2-seg016,0,45.0,76,atlasv2/h2-benign-seg001,atlasv2/benign-h2-seg001,0,45.0,25,atlasv2/h2-benign-seg000,atlasv2/benign-h2-seg000,0,45.0
pair_c85086d13ee4,ATLASv2 held-out-family,41,atlasv2/h2-benign-seg034,atlasv2/benign-h2-seg034,1658260800,0,45.0,Prefix-Only,TRACER route,7,0.0006628828123211861,middle,147,atlasv2/h2-benign-seg002,atlasv2/benign-h2-seg002,0,45.0,319,atlasv2/h2-benign-seg018,atlasv2/benign-h2-seg018,0,45.0,268,atlasv2/h2-benign-seg016,atlasv2/benign-h2-seg016,0,45.0,76,atlasv2/h2-benign-seg001,atlasv2/benign-h2-seg001,0,45.0,25,atlasv2/h2-benign-seg000,atlasv2/benign-h2-seg000,0,45.0,0.00028949271654710174,low_quartile,147,atlasv2/h2-benign-seg002,atlasv2/benign-h2-seg002,0,45.0,422,atlasv2/h2-m1,atlasv2/m1,0,45.0,430,atlasv2/h2-m2,atlasv2/m2,0,45.0,394,atlasv2/h2-m1,atlasv2/m1,0,45.0,319,atlasv2/h2-benign-seg018,atlasv2/benign-h2-seg018,0,45.0
pair_9fe8110b4ec3,ATLASv2 held-out-family,8,atlasv2/h2-benign-seg033,atlasv2/benign-h2-seg033,1658246100,0,45.0,Prefix-Only,TRACER route,7,0.0005276001174934208,middle,391,atlasv2/h2-m1,atlasv2/m1,0,45.0,216,atlasv2/h2-benign-seg010,atlasv2/benign-h2-seg010,0,45.0,218,atlasv2/h2-benign-seg010,atlasv2/benign-h2-seg010,0,45.0,319,atlasv2/h2-benign-seg018,atlasv2/benign-h2-seg018,0,45.0,217,atlasv2/h2-benign-seg010,atlasv2/benign-h2-seg010,0,45.0,0.0002909059403464198,low_quartile,391,atlasv2/h2-m1,atlasv2/m1,0,45.0,218,atlasv2/h2-benign-seg010,atlasv2/benign-h2-seg010,0,45.0,201,atlasv2/h2-benign-seg009,atlasv2/benign-h2-seg009,0,45.0,305,atlasv2/h2-benign-seg018,atlasv2/benign-h2-seg018,0,45.0,390,atlasv2/h2-m1,atlasv2/m1,0,45.0
pair_8ef0619c305f,ATLASv2 held-out-family,58,atlasv2/h2-benign-seg035,atlasv2/benign-h2-seg035,1658271900,0,45.0,TRACER route,Prefix-Only,7,0.00032206386094912887,low_quartile,147,atlasv2/h2-benign-seg002,atlasv2/benign-h2-seg002,0,45.0,422,atlasv2/h2-m1,atlasv2/m1,0,45.0,430,atlasv2/h2-m2,atlasv2/m2,0,45.0,394,atlasv2/h2-m1,atlasv2/m1,0,45.0,392,atlasv2/h2-m1,atlasv2/m1,0,45.0,0.0008315761806443334,middle,147,atlasv2/h2-benign-seg002,atlasv2/benign-h2-seg002,0,45.0,319,atlasv2/h2-benign-seg018,atlasv2/benign-h2-seg018,0,45.0,422,atlasv2/h2-m1,atlasv2/m1,0,45.0,392,atlasv2/h2-m1,atlasv2/m1,0,45.0,216,atlasv2/h2-benign-seg010,atlasv2/benign-h2-seg010,0,45.0
pair_4719405c6153,ATLASv2 held-out-family,7,atlasv2/h2-benign-seg033,atlasv2/benign-h2-seg033,1658245800,0,45.0,TRACER route,Prefix-Only,7,0.00033255922608077526,low_quartile,390,atlasv2/h2-m1,atlasv2/m1,0,45.0,305,atlasv2/h2-benign-seg018,atlasv2/benign-h2-seg018,0,45.0,303,atlasv2/h2-benign-seg018,atlasv2/benign-h2-seg018,0,45.0,217,atlasv2/h2-benign-seg010,atlasv2/benign-h2-seg010,0,45.0,317,atlasv2/h2-benign-seg018,atlasv2/benign-h2-seg018,0,45.0,0.00042077229591086507,middle,390,atlasv2/h2-m1,atlasv2/m1,0,45.0,305,atlasv2/h2-benign-seg018,atlasv2/benign-h2-seg018,0,45.0,303,atlasv2/h2-benign-seg018,atlasv2/benign-h2-seg018,0,45.0,217,atlasv2/h2-benign-seg010,atlasv2/benign-h2-seg010,0,45.0,275,atlasv2/h2-benign-seg017,atlasv2/benign-h2-seg017,0,45.0
pair_31e7ee150eb6,ATLASv2 held-out-family,6,atlasv2/h2-benign-seg033,atlasv2/benign-h2-seg033,1658245500,0,45.0,Prefix-Only,TRACER route,7,0.00034549273550510406,middle,271,atlasv2/h2-benign-seg017,atlasv2/benign-h2-seg017,0,45.0,389,atlasv2/h2-m1,atlasv2/m1,0,45.0,221,atlasv2/h2-benign-seg010,atlasv2/benign-h2-seg010,0,45.0,317,atlasv2/h2-benign-seg018,atlasv2/benign-h2-seg018,0,45.0,270,atlasv2/h2-benign-seg017,atlasv2/benign-h2-seg017,0,45.0,0.00038053261232562363,low_quartile,271,atlasv2/h2-benign-seg017,atlasv2/benign-h2-seg017,0,45.0,389,atlasv2/h2-m1,atlasv2/m1,0,45.0,221,atlasv2/h2-benign-seg010,atlasv2/benign-h2-seg010,0,45.0,270,atlasv2/h2-benign-seg017,atlasv2/benign-h2-seg017,0,45.0,317,atlasv2/h2-benign-seg018,atlasv2/benign-h2-seg018,0,45.0
pair_f1e0bc569e6f,ATLASv2 held-out-family,5,atlasv2/h2-benign-seg033,atlasv2/benign-h2-seg033,1658245200,0,45.0,Prefix-Only,TRACER route,7,0.0003046118072234094,middle,213,atlasv2/h2-benign-seg009,atlasv2/benign-h2-seg009,0,45.0,197,atlasv2/h2-benign-seg009,atlasv2/benign-h2-seg009,0,45.0,293,atlasv2/h2-benign-seg018,atlasv2/benign-h2-seg018,0,45.0,388,atlasv2/h2-m1,atlasv2/m1,0,45.0,283,atlasv2/h2-benign-seg017,atlasv2/benign-h2-seg017,0,45.0,0.00046897248830646276,low_quartile,213,atlasv2/h2-benign-seg009,atlasv2/benign-h2-seg009,0,45.0,197,atlasv2/h2-benign-seg009,atlasv2/benign-h2-seg009,0,45.0,293,atlasv2/h2-benign-seg018,atlasv2/benign-h2-seg018,0,45.0,388,atlasv2/h2-m1,atlasv2/m1,0,45.0,283,atlasv2/h2-benign-seg017,atlasv2/benign-h2-seg017,0,45.0
pair_e1fe558d69b8,ATLASv2 held-out-family,9,atlasv2/h2-benign-seg033,atlasv2/benign-h2-seg033,1658246400,0,45.0,Prefix-Only,TRACER route,7,0.0004820590256713331,middle,219,atlasv2/h2-benign-seg010,atlasv2/benign-h2-seg010,0,45.0,309,atlasv2/h2-benign-seg018,atlasv2/benign-h2-seg018,0,45.0,398,atlasv2/h2-m1,atlasv2/m1,0,45.0,203,atlasv2/h2-benign-seg009,atlasv2/benign-h2-seg009,0,45.0,384,atlasv2/h2-m1,atlasv2/m1,0,45.0,0.00047475399333052337,low_quartile,219,atlasv2/h2-benign-seg010,atlasv2/benign-h2-seg010,0,45.0,203,atlasv2/h2-benign-seg009,atlasv2/benign-h2-seg009,0,45.0,220,atlasv2/h2-benign-seg010,atlasv2/benign-h2-seg010,0,45.0,272,atlasv2/h2-benign-seg017,atlasv2/benign-h2-seg017,0,45.0,301,atlasv2/h2-benign-seg018,atlasv2/benign-h2-seg018,0,45.0
pair_1960b9a98b6c,ATLASv2 held-out-family,1,atlasv2/h2-benign-seg033,atlasv2/benign-h2-seg033,1658244000,0,45.0,TRACER route,Prefix-Only,7,0.0005112384096719325,low_quartile,384,atlasv2/h2-m1,atlasv2/m1,0,45.0,398,atlasv2/h2-m1,atlasv2/m1,0,45.0,239,atlasv2/h2-benign-seg010,atlasv2/benign-h2-seg010,0,45.0,279,atlasv2/h2-benign-seg017,atlasv2/benign-h2-seg017,0,45.0,261,atlasv2/h2-benign-seg016,atlasv2/benign-h2-seg016,0,45.0,0.0004166648432146758,middle,384,atlasv2/h2-m1,atlasv2/m1,0,45.0,191,atlasv2/h2-benign-seg009,atlasv2/benign-h2-seg009,0,45.0,400,atlasv2/h2-m1,atlasv2/m1,0,45.0,398,atlasv2/h2-m1,atlasv2/m1,0,45.0,309,atlasv2/h2-benign-seg018,atlasv2/benign-h2-seg018,0,45.0
pair_920ffce03302,ATLASv2 held-out-family,32,atlasv2/h2-benign-seg034,atlasv2/benign-h2-seg034,1658258100,0,45.0,Prefix-Only,TRACER route,7,0.0034805950708687305,middle,430,atlasv2/h2-m2,atlasv2/m2,0,45.0,422,atlasv2/h2-m1,atlasv2/m1,0,45.0,392,atlasv2/h2-m1,atlasv2/m1,0,45.0,394,atlasv2/h2-m1,atlasv2/m1,0,45.0,424,atlasv2/h2-m1,atlasv2/m1,0,45.0,0.00048070785123854876,low_quartile,430,atlasv2/h2-m2,atlasv2/m2,0,45.0,422,atlasv2/h2-m1,atlasv2/m1,0,45.0,147,atlasv2/h2-benign-seg002,atlasv2/benign-h2-seg002,0,45.0,394,atlasv2/h2-m1,atlasv2/m1,0,45.0,264,atlasv2/h1-benign-seg016,atlasv2/benign-h1-seg016,0,45.0
pair_10adf9d43e6a,ATLASv2 held-out-family,10,atlasv2/h2-benign-seg033,atlasv2/benign-h2-seg033,1658246700,0,45.0,TRACER route,Prefix-Only,7,0.0005321805365383625,low_quartile,205,atlasv2/h2-benign-seg009,atlasv2/benign-h2-seg009,0,45.0,207,atlasv2/h2-benign-seg009,atlasv2/benign-h2-seg009,0,45.0,272,atlasv2/h2-benign-seg017,atlasv2/benign-h2-seg017,0,45.0,220,atlasv2/h2-benign-seg010,atlasv2/benign-h2-seg010,0,45.0,251,atlasv2/h2-benign-seg016,atlasv2/benign-h2-seg016,0,45.0,0.00037865902413614094,middle,309,atlasv2/h2-benign-seg018,atlasv2/benign-h2-seg018,0,45.0,272,atlasv2/h2-benign-seg017,atlasv2/benign-h2-seg017,0,45.0,220,atlasv2/h2-benign-seg010,atlasv2/benign-h2-seg010,0,45.0,203,atlasv2/h2-benign-seg009,atlasv2/benign-h2-seg009,0,45.0,311,atlasv2/h2-benign-seg018,atlasv2/benign-h2-seg018,0,45.0
pair_ece0cb73dc13,ATLASv2 held-out-family,21,atlasv2/h2-benign-seg033,atlasv2/benign-h2-seg033,1658250000,0,45.0,TRACER route,Prefix-Only,7,0.0010003949282690883,middle,416,atlasv2/h2-m1,atlasv2/m1,0,45.0,46,atlasv2/h2-benign-seg001,atlasv2/benign-h2-seg001,0,45.0,15,atlasv2/h2-benign-seg000,atlasv2/benign-h2-seg000,0,45.0,48,atlasv2/h2-benign-seg001,atlasv2/benign-h2-seg001,0,45.0,44,atlasv2/h2-benign-seg001,atlasv2/benign-h2-seg001,0,45.0,0.0002955096715595573,middle,416,atlasv2/h2-m1,atlasv2/m1,0,45.0,46,atlasv2/h2-benign-seg001,atlasv2/benign-h2-seg001,0,45.0,15,atlasv2/h2-benign-seg000,atlasv2/benign-h2-seg000,0,45.0,48,atlasv2/h2-benign-seg001,atlasv2/benign-h2-seg001,0,45.0,44,atlasv2/h2-benign-seg001,atlasv2/benign-h2-seg001,0,45.0
pair_f2c9995b7935,ATLASv2 held-out-family,76,atlasv2/h1-s4,atlasv2/s4,1658276400,1,30.0,TRACER route,Prefix-Only,7,0.03863907605409622,top_decile,31,atlasv2/h1-benign-seg001,atlasv2/benign-h1-seg001,0,45.0,29,atlasv2/h1-benign-seg001,atlasv2/benign-h1-seg001,0,45.0,33,atlasv2/h1-benign-seg001,atlasv2/benign-h1-seg001,0,45.0,37,atlasv2/h1-benign-seg001,atlasv2/benign-h1-seg001,0,45.0,35,atlasv2/h1-benign-seg001,atlasv2/benign-h1-seg001,0,45.0,0.01787858083844185,top_decile,31,atlasv2/h1-benign-seg001,atlasv2/benign-h1-seg001,0,45.0,29,atlasv2/h1-benign-seg001,atlasv2/benign-h1-seg001,0,45.0,33,atlasv2/h1-benign-seg001,atlasv2/benign-h1-seg001,0,45.0,37,atlasv2/h1-benign-seg001,atlasv2/benign-h1-seg001,0,45.0,35,atlasv2/h1-benign-seg001,atlasv2/benign-h1-seg001,0,45.0
pair_8b003852609c,ATLASv2 held-out-family,47,atlasv2/h1-benign-seg034,atlasv2/benign-h1-seg034,1658262000,0,45.0,TRACER route,Prefix-Only,7,0.03863907605409622,top_decile,31,atlasv2/h1-benign-seg001,atlasv2/benign-h1-seg001,0,45.0,29,atlasv2/h1-benign-seg001,atlasv2/benign-h1-seg001,0,45.0,33,atlasv2/h1-benign-seg001,atlasv2/benign-h1-seg001,0,45.0,37,atlasv2/h1-benign-seg001,atlasv2/benign-h1-seg001,0,45.0,35,atlasv2/h1-benign-seg001,atlasv2/benign-h1-seg001,0,45.0,0.01787858083844185,top_decile,31,atlasv2/h1-benign-seg001,atlasv2/benign-h1-seg001,0,45.0,29,atlasv2/h1-benign-seg001,atlasv2/benign-h1-seg001,0,45.0,33,atlasv2/h1-benign-seg001,atlasv2/benign-h1-seg001,0,45.0,37,atlasv2/h1-benign-seg001,atlasv2/benign-h1-seg001,0,45.0,35,atlasv2/h1-benign-seg001,atlasv2/benign-h1-seg001,0,45.0
pair_15210202f7b7,AIT-ADS chronology,3642,aitads/shaw-wazuh,aitads/shaw,1643492100,1,20.0,Prefix-Only,TRACER route,7,0.7953013777732849,top_decile,8798,aitads/wardbeck-aminer,aitads/wardbeck,1,5.0,8792,aitads/wardbeck-aminer,aitads/wardbeck,1,15.0,4538,aitads/fox-wazuh,aitads/fox,1,10.0,4466,aitads/fox-wazuh,aitads/fox,1,10.0,4289,aitads/fox-aminer,aitads/fox,0,45.0,0.8366764783859253,top_decile,4731,aitads/fox-wazuh,aitads/fox,1,20.0,4639,aitads/fox-wazuh,aitads/fox,1,15.0,4635,aitads/fox-wazuh,aitads/fox,1,20.0,5499,aitads/fox-wazuh,aitads/fox,1,15.0,5495,aitads/fox-wazuh,aitads/fox,1,20.0
pair_0486f4836d2d,AIT-ADS chronology,3645,aitads/shaw-wazuh,aitads/shaw,1643492400,1,15.0,TRACER route,Prefix-Only,7,0.8348637819290161,top_decile,4731,aitads/fox-wazuh,aitads/fox,1,20.0,4639,aitads/fox-wazuh,aitads/fox,1,15.0,4635,aitads/fox-wazuh,aitads/fox,1,20.0,5499,aitads/fox-wazuh,aitads/fox,1,15.0,5495,aitads/fox-wazuh,aitads/fox,1,20.0,0.7968408465385437,top_decile,8798,aitads/wardbeck-aminer,aitads/wardbeck,1,5.0,8795,aitads/wardbeck-aminer,aitads/wardbeck,1,10.0,8792,aitads/wardbeck-aminer,aitads/wardbeck,1,15.0,8759,aitads/wardbeck-aminer,aitads/wardbeck,1,30.0,8765,aitads/wardbeck-aminer,aitads/wardbeck,1,20.0
pair_f83bdf6aff6e,AIT-ADS chronology,3648,aitads/shaw-wazuh,aitads/shaw,1643492700,1,10.0,Prefix-Only,TRACER route,7,0.7958049178123474,top_decile,4538,aitads/fox-wazuh,aitads/fox,1,10.0,4466,aitads/fox-wazuh,aitads/fox,1,10.0,4566,aitads/fox-wazuh,aitads/fox,1,10.0,4755,aitads/fox-wazuh,aitads/fox,1,10.0,4707,aitads/fox-wazuh,aitads/fox,1,5.0,0.8333374261856079,top_decile,5499,aitads/fox-wazuh,aitads/fox,1,15.0,4731,aitads/fox-wazuh,aitads/fox,1,20.0,4639,aitads/fox-wazuh,aitads/fox,1,15.0,4635,aitads/fox-wazuh,aitads/fox,1,20.0,5495,aitads/fox-wazuh,aitads/fox,1,20.0
pair_c5451aa28518,AIT-ADS chronology,3789,aitads/shaw-wazuh,aitads/shaw,1643506800,1,15.0,TRACER route,Prefix-Only,7,0.8302096128463745,top_decile,5198,aitads/fox-aminer,aitads/fox,1,10.0,5194,aitads/fox-aminer,aitads/fox,1,15.0,5406,aitads/fox-aminer,aitads/fox,1,10.0,5523,aitads/fox-wazuh,aitads/fox,1,15.0,5519,aitads/fox-wazuh,aitads/fox,1,20.0,0.6878621578216553,top_decile,4583,aitads/fox-wazuh,aitads/fox,1,25.0,5639,aitads/fox-wazuh,aitads/fox,1,25.0,5198,aitads/fox-aminer,aitads/fox,1,10.0,5523,aitads/fox-wazuh,aitads/fox,1,15.0,3879,aitads/santos-wazuh,aitads/santos,0,45.0
pair_17d51f92dd5b,AIT-ADS chronology,3738,aitads/shaw-wazuh,aitads/shaw,1643501700,1,10.0,TRACER route,Prefix-Only,7,0.8116437196731567,top_decile,5402,aitads/fox-aminer,aitads/fox,1,15.0,5567,aitads/fox-wazuh,aitads/fox,1,20.0,5639,aitads/fox-wazuh,aitads/fox,1,25.0,5643,aitads/fox-wazuh,aitads/fox,1,20.0,5571,aitads/fox-wazuh,aitads/fox,1,15.0,0.6882830262184143,top_decile,5639,aitads/fox-wazuh,aitads/fox,1,25.0,5198,aitads/fox-aminer,aitads/fox,1,10.0,5643,aitads/fox-wazuh,aitads/fox,1,20.0,5523,aitads/fox-wazuh,aitads/fox,1,15.0,5402,aitads/fox-aminer,aitads/fox,1,15.0
pair_08eec06eae80,AIT-ADS chronology,3702,aitads/shaw-wazuh,aitads/shaw,1643498100,1,15.0,Prefix-Only,TRACER route,7,0.6365320086479187,top_decile,4662,aitads/fox-aminer,aitads/fox,1,20.0,3914,aitads/santos-aminer,aitads/santos,1,5.0,5266,aitads/fox-aminer,aitads/fox,0,45.0,4602,aitads/fox-aminer,aitads/fox,0,35.0,4313,aitads/fox-aminer,aitads/fox,0,45.0,0.7752969861030579,top_decile,3914,aitads/santos-aminer,aitads/santos,1,5.0,4662,aitads/fox-aminer,aitads/fox,1,20.0,3818,aitads/santos-aminer,aitads/santos,1,20.0,4738,aitads/fox-aminer,aitads/fox,1,10.0,4642,aitads/fox-aminer,aitads/fox,1,10.0
pair_15188fc813dc,AIT-ADS chronology,3774,aitads/shaw-wazuh,aitads/shaw,1643505300,1,15.0,Prefix-Only,TRACER route,7,0.6365320086479187,top_decile,4662,aitads/fox-aminer,aitads/fox,1,20.0,3914,aitads/santos-aminer,aitads/santos,1,5.0,5266,aitads/fox-aminer,aitads/fox,0,45.0,4602,aitads/fox-aminer,aitads/fox,0,35.0,4313,aitads/fox-aminer,aitads/fox,0,45.0,0.7752969861030579,top_decile,3914,aitads/santos-aminer,aitads/santos,1,5.0,4662,aitads/fox-aminer,aitads/fox,1,20.0,3818,aitads/santos-aminer,aitads/santos,1,20.0,4738,aitads/fox-aminer,aitads/fox,1,10.0,4642,aitads/fox-aminer,aitads/fox,1,10.0
pair_02d13117aae8,AIT-ADS chronology,3810,aitads/shaw-wazuh,aitads/shaw,1643508900,1,20.0,Prefix-Only,TRACER route,7,0.6365320086479187,top_decile,4662,aitads/fox-aminer,aitads/fox,1,20.0,3914,aitads/santos-aminer,aitads/santos,1,5.0,5266,aitads/fox-aminer,aitads/fox,0,45.0,4602,aitads/fox-aminer,aitads/fox,0,35.0,4313,aitads/fox-aminer,aitads/fox,0,45.0,0.7752969861030579,top_decile,3914,aitads/santos-aminer,aitads/santos,1,5.0,4662,aitads/fox-aminer,aitads/fox,1,20.0,3818,aitads/santos-aminer,aitads/santos,1,20.0,4738,aitads/fox-aminer,aitads/fox,1,10.0,4642,aitads/fox-aminer,aitads/fox,1,10.0
pair_36245c7c0e3c,AIT-ADS chronology,3846,aitads/shaw-wazuh,aitads/shaw,1643512500,1,20.0,Prefix-Only,TRACER route,7,0.6365320086479187,top_decile,4662,aitads/fox-aminer,aitads/fox,1,20.0,3914,aitads/santos-aminer,aitads/santos,1,5.0,5266,aitads/fox-aminer,aitads/fox,0,45.0,4602,aitads/fox-aminer,aitads/fox,0,35.0,4313,aitads/fox-aminer,aitads/fox,0,45.0,0.7752969861030579,top_decile,3914,aitads/santos-aminer,aitads/santos,1,5.0,4662,aitads/fox-aminer,aitads/fox,1,20.0,3818,aitads/santos-aminer,aitads/santos,1,20.0,4738,aitads/fox-aminer,aitads/fox,1,10.0,4642,aitads/fox-aminer,aitads/fox,1,10.0
pair_e704735abef5,AIT-ADS chronology,3882,aitads/shaw-wazuh,aitads/shaw,1643516100,1,20.0,Prefix-Only,TRACER route,7,0.6365320086479187,top_decile,4662,aitads/fox-aminer,aitads/fox,1,20.0,3914,aitads/santos-aminer,aitads/santos,1,5.0,5266,aitads/fox-aminer,aitads/fox,0,45.0,4602,aitads/fox-aminer,aitads/fox,0,35.0,4313,aitads/fox-aminer,aitads/fox,0,45.0,0.7752969861030579,top_decile,3914,aitads/santos-aminer,aitads/santos,1,5.0,4662,aitads/fox-aminer,aitads/fox,1,20.0,3818,aitads/santos-aminer,aitads/santos,1,20.0,4738,aitads/fox-aminer,aitads/fox,1,10.0,4642,aitads/fox-aminer,aitads/fox,1,10.0
pair_70709c369fd2,AIT-ADS chronology,4381,aitads/wheeler-aminer,aitads/wheeler,1643565900,0,55.0,TRACER route,Prefix-Only,7,0.7879546880722046,top_decile,5402,aitads/fox-aminer,aitads/fox,1,15.0,5198,aitads/fox-aminer,aitads/fox,1,10.0,5523,aitads/fox-wazuh,aitads/fox,1,15.0,5567,aitads/fox-wazuh,aitads/fox,1,20.0,5194,aitads/fox-aminer,aitads/fox,1,15.0,0.6837295889854431,top_decile,4782,aitads/fox-aminer,aitads/fox,1,20.0,5406,aitads/fox-aminer,aitads/fox,1,10.0,3943,aitads/santos-aminer,aitads/santos,1,5.0,3940,aitads/santos-aminer,aitads/santos,1,10.0,3866,aitads/santos-aminer,aitads/santos,0,65.0
pair_999d30bde6a3,AIT-ADS chronology,4506,aitads/shaw-wazuh,aitads/shaw,1643578500,0,50.0,Prefix-Only,TRACER route,7,0.5685194134712219,top_decile,4723,aitads/fox-wazuh,aitads/fox,1,30.0,3839,aitads/santos-wazuh,aitads/santos,0,35.0,4520,aitads/fox-wazuh,aitads/fox,0,35.0,3747,aitads/santos-wazuh,aitads/santos,1,15.0,4440,aitads/fox-wazuh,aitads/fox,1,15.0,0.7623616456985474,top_decile,4723,aitads/fox-wazuh,aitads/fox,1,30.0,5399,aitads/fox-wazuh,aitads/fox,1,5.0,5599,aitads/fox-wazuh,aitads/fox,1,15.0,5603,aitads/fox-wazuh,aitads/fox,1,10.0,4442,aitads/fox-wazuh,aitads/fox,1,10.0
pair_6c3e3e187512,AIT-ADS chronology,4512,aitads/shaw-wazuh,aitads/shaw,1643579100,0,40.0,TRACER route,Prefix-Only,7,0.7555407881736755,top_decile,4452,aitads/fox-wazuh,aitads/fox,1,25.0,3887,aitads/santos-wazuh,aitads/santos,0,35.0,4524,aitads/fox-wazuh,aitads/fox,1,25.0,4679,aitads/fox-wazuh,aitads/fox,1,25.0,4548,aitads/fox-wazuh,aitads/fox,1,25.0,0.7933949828147888,top_decile,4452,aitads/fox-wazuh,aitads/fox,1,25.0,3887,aitads/santos-wazuh,aitads/santos,0,35.0,4524,aitads/fox-wazuh,aitads/fox,1,25.0,4679,aitads/fox-wazuh,aitads/fox,1,25.0,4548,aitads/fox-wazuh,aitads/fox,1,25.0
pair_d5aeff18d37b,AIT-ADS chronology,4548,aitads/shaw-wazuh,aitads/shaw,1643582700,0,40.0,TRACER route,Prefix-Only,7,0.7555407881736755,top_decile,4452,aitads/fox-wazuh,aitads/fox,1,25.0,3887,aitads/santos-wazuh,aitads/santos,0,35.0,4524,aitads/fox-wazuh,aitads/fox,1,25.0,4679,aitads/fox-wazuh,aitads/fox,1,25.0,4548,aitads/fox-wazuh,aitads/fox,1,25.0,0.7933949828147888,top_decile,4452,aitads/fox-wazuh,aitads/fox,1,25.0,3887,aitads/santos-wazuh,aitads/santos,0,35.0,4524,aitads/fox-wazuh,aitads/fox,1,25.0,4679,aitads/fox-wazuh,aitads/fox,1,25.0,4548,aitads/fox-wazuh,aitads/fox,1,25.0
pair_ec3c96ca321d,AIT-ADS chronology,4018,aitads/wheeler-aminer,aitads/wheeler,1643529600,0,590.0,TRACER route,Prefix-Only,7,0.7093536853790283,top_decile,4275,aitads/fox-aminer,aitads/fox,1,30.0,4277,aitads/fox-aminer,aitads/fox,1,25.0,4265,aitads/fox-aminer,aitads/fox,1,20.0,8889,aitads/russellmitchell-aminer,aitads/russellmitchell,0,40.0,4279,aitads/fox-aminer,aitads/fox,1,20.0,0.05020599439740181,middle,5422,aitads/fox-aminer,aitads/fox,1,30.0,4388,aitads/fox-wazuh,aitads/fox,0,145.0,4386,aitads/fox-wazuh,aitads/fox,0,150.0,4398,aitads/fox-wazuh,aitads/fox,0,120.0,4382,aitads/fox-wazuh,aitads/fox,0,160.0
pair_cbc67a80efd5,AIT-ADS chronology,4542,aitads/shaw-wazuh,aitads/shaw,1643582100,0,50.0,Prefix-Only,TRACER route,7,0.6910625100135803,top_decile,3858,aitads/santos-aminer,aitads/santos,0,75.0,3470,aitads/santos-aminer,aitads/santos,0,45.0,4659,aitads/fox-wazuh,aitads/fox,1,10.0,8730,aitads/wardbeck-wazuh,aitads/wardbeck,1,30.0,4663,aitads/fox-wazuh,aitads/fox,1,5.0,0.7092214822769165,top_decile,8802,aitads/wardbeck-wazuh,aitads/wardbeck,0,45.0,8727,aitads/wardbeck-wazuh,aitads/wardbeck,0,35.0,8730,aitads/wardbeck-wazuh,aitads/wardbeck,1,30.0,3858,aitads/santos-aminer,aitads/santos,0,75.0,3879,aitads/santos-wazuh,aitads/santos,0,45.0
pair_fbe984816d08,AIT-ADS chronology,4024,aitads/wheeler-aminer,aitads/wheeler,1643530200,0,580.0,Prefix-Only,TRACER route,7,0.5738912224769592,top_decile,5426,aitads/fox-aminer,aitads/fox,1,25.0,8718,aitads/wardbeck-wazuh,aitads/wardbeck,0,50.0,4723,aitads/fox-wazuh,aitads/fox,1,30.0,4520,aitads/fox-wazuh,aitads/fox,0,35.0,3839,aitads/santos-wazuh,aitads/santos,0,35.0,0.707528293132782,top_decile,8891,aitads/russellmitchell-aminer,aitads/russellmitchell,1,30.0,3394,aitads/santos-aminer,aitads/santos,1,20.0,3390,aitads/santos-aminer,aitads/santos,1,25.0,8429,aitads/wardbeck-aminer,aitads/wardbeck,0,35.0,8432,aitads/wardbeck-aminer,aitads/wardbeck,1,30.0
pair_d340124abb8c,AIT-ADS chronology,4509,aitads/shaw-wazuh,aitads/shaw,1643578800,0,45.0,Prefix-Only,TRACER route,7,0.6898788213729858,top_decile,8802,aitads/wardbeck-wazuh,aitads/wardbeck,0,45.0,5519,aitads/fox-wazuh,aitads/fox,1,20.0,5194,aitads/fox-aminer,aitads/fox,1,15.0,4615,aitads/fox-wazuh,aitads/fox,0,45.0,3470,aitads/santos-aminer,aitads/santos,0,45.0,0.7058363556861877,top_decile,8802,aitads/wardbeck-wazuh,aitads/wardbeck,0,45.0,8727,aitads/wardbeck-wazuh,aitads/wardbeck,0,35.0,8730,aitads/wardbeck-wazuh,aitads/wardbeck,1,30.0,3858,aitads/santos-aminer,aitads/santos,0,75.0,3879,aitads/santos-wazuh,aitads/santos,0,45.0
pair_9900b06411a9,AIT-ADS chronology,4545,aitads/shaw-wazuh,aitads/shaw,1643582400,0,45.0,Prefix-Only,TRACER route,7,0.6898788213729858,top_decile,8802,aitads/wardbeck-wazuh,aitads/wardbeck,0,45.0,5519,aitads/fox-wazuh,aitads/fox,1,20.0,5194,aitads/fox-aminer,aitads/fox,1,15.0,4615,aitads/fox-wazuh,aitads/fox,0,45.0,3470,aitads/santos-aminer,aitads/santos,0,45.0,0.7058363556861877,top_decile,8802,aitads/wardbeck-wazuh,aitads/wardbeck,0,45.0,8727,aitads/wardbeck-wazuh,aitads/wardbeck,0,35.0,8730,aitads/wardbeck-wazuh,aitads/wardbeck,1,30.0,3858,aitads/santos-aminer,aitads/santos,0,75.0,3879,aitads/santos-wazuh,aitads/santos,0,45.0
pair_2bf998d91055,AIT-ADS chronology,4021,aitads/wheeler-aminer,aitads/wheeler,1643529900,0,585.0,TRACER route,Prefix-Only,7,0.7024409770965576,top_decile,4279,aitads/fox-aminer,aitads/fox,1,20.0,4277,aitads/fox-aminer,aitads/fox,1,25.0,8891,aitads/russellmitchell-aminer,aitads/russellmitchell,1,30.0,8889,aitads/russellmitchell-aminer,aitads/russellmitchell,0,40.0,3382,aitads/santos-aminer,aitads/santos,0,35.0,0.5157094597816467,top_decile,5426,aitads/fox-aminer,aitads/fox,1,25.0,8718,aitads/wardbeck-wazuh,aitads/wardbeck,0,50.0,4879,aitads/fox-wazuh,aitads/fox,0,655.0,8676,aitads/wardbeck-wazuh,aitads/wardbeck,0,120.0,5546,aitads/fox-aminer,aitads/fox,0,35.0
pair_e7d944553d94,AIT-ADS chronology,3464,aitads/wheeler-wazuh,aitads/wheeler,1643474100,0,920.0,TRACER route,Prefix-Only,7,0.013217677362263203,middle,1111,aitads/santos-wazuh,aitads/santos,0,1155.0,1107,aitads/santos-wazuh,aitads/santos,0,1160.0,175,aitads/santos-wazuh,aitads/santos,0,2865.0,1115,aitads/santos-wazuh,aitads/santos,0,1150.0,319,aitads/santos-wazuh,aitads/santos,0,2505.0,0.002093409886583686,middle,6687,aitads/wardbeck-wazuh,aitads/wardbeck,0,2895.0,6091,aitads/wardbeck-wazuh,aitads/wardbeck,0,345.0,4236,aitads/fox-wazuh,aitads/fox,0,130.0,3295,aitads/santos-wazuh,aitads/santos,0,110.0,2381,aitads/fox-wazuh,aitads/fox,0,1120.0
pair_c9f23cdfa59d,AIT-ADS chronology,2297,aitads/wheeler-wazuh,aitads/wheeler,1643357400,0,1275.0,Prefix-Only,TRACER route,7,0.0025804671458899975,middle,7452,aitads/wardbeck-wazuh,aitads/wardbeck,0,1620.0,7440,aitads/wardbeck-wazuh,aitads/wardbeck,0,1640.0,1241,aitads/fox-wazuh,aitads/fox,0,2545.0,6669,aitads/wardbeck-wazuh,aitads/wardbeck,0,2925.0,6525,aitads/wardbeck-wazuh,aitads/wardbeck,0,3165.0,0.013212330639362335,middle,1111,aitads/santos-wazuh,aitads/santos,0,1155.0,6687,aitads/wardbeck-wazuh,aitads/wardbeck,0,2895.0,1107,aitads/santos-wazuh,aitads/santos,0,1160.0,175,aitads/santos-wazuh,aitads/santos,0,2865.0,1115,aitads/santos-wazuh,aitads/santos,0,1150.0
pair_47161804905f,AIT-ADS chronology,4280,aitads/wheeler-wazuh,aitads/wheeler,1643555700,0,155.0,TRACER route,Prefix-Only,7,0.013212025165557861,middle,1111,aitads/santos-wazuh,aitads/santos,0,1155.0,1107,aitads/santos-wazuh,aitads/santos,0,1160.0,175,aitads/santos-wazuh,aitads/santos,0,2865.0,967,aitads/santos-wazuh,aitads/santos,0,1335.0,319,aitads/santos-wazuh,aitads/santos,0,2505.0,0.0020458523649722338,middle,6091,aitads/wardbeck-wazuh,aitads/wardbeck,0,345.0,4236,aitads/fox-wazuh,aitads/fox,0,130.0,6687,aitads/wardbeck-wazuh,aitads/wardbeck,0,2895.0,3295,aitads/santos-wazuh,aitads/santos,0,110.0,7593,aitads/wardbeck-wazuh,aitads/wardbeck,0,1385.0
pair_ac1ad74b46cf,AIT-ADS chronology,4268,aitads/wheeler-wazuh,aitads/wheeler,1643554500,0,175.0,Prefix-Only,TRACER route,7,0.002735332353040576,middle,6051,aitads/wardbeck-wazuh,aitads/wardbeck,0,445.0,7554,aitads/wardbeck-wazuh,aitads/wardbeck,0,1450.0,5917,aitads/wardbeck-wazuh,aitads/wardbeck,0,780.0,6639,aitads/wardbeck-wazuh,aitads/wardbeck,0,2975.0,7578,aitads/wardbeck-wazuh,aitads/wardbeck,0,1410.0,0.013210097327828407,middle,6834,aitads/wardbeck-wazuh,aitads/wardbeck,0,2650.0,6687,aitads/wardbeck-wazuh,aitads/wardbeck,0,2895.0,6049,aitads/wardbeck-wazuh,aitads/wardbeck,0,450.0,1149,aitads/fox-wazuh,aitads/fox,0,2660.0,8403,aitads/wardbeck-wazuh,aitads/wardbeck,0,35.0
pair_d40764d4cce2,AIT-ADS chronology,848,aitads/wheeler-wazuh,aitads/wheeler,1643212500,0,3690.0,Prefix-Only,TRACER route,7,0.0020787150133401155,middle,6687,aitads/wardbeck-wazuh,aitads/wardbeck,0,2895.0,6091,aitads/wardbeck-wazuh,aitads/wardbeck,0,345.0,4236,aitads/fox-wazuh,aitads/fox,0,130.0,3295,aitads/santos-wazuh,aitads/santos,0,110.0,2369,aitads/fox-wazuh,aitads/fox,0,1135.0,0.013225453905761242,middle,1111,aitads/santos-wazuh,aitads/santos,0,1155.0,1107,aitads/santos-wazuh,aitads/santos,0,1160.0,175,aitads/santos-wazuh,aitads/santos,0,2865.0,1115,aitads/santos-wazuh,aitads/santos,0,1150.0,6687,aitads/wardbeck-wazuh,aitads/wardbeck,0,2895.0
pair_8f4a4fece962,AIT-ADS chronology,4112,aitads/wheeler-wazuh,aitads/wheeler,1643538900,0,435.0,Prefix-Only,TRACER route,7,0.0023136616218835115,middle,6642,aitads/wardbeck-wazuh,aitads/wardbeck,0,2970.0,7455,aitads/wardbeck-wazuh,aitads/wardbeck,0,1615.0,5245,aitads/wardbeck-wazuh,aitads/wardbeck,0,1915.0,3291,aitads/santos-wazuh,aitads/santos,0,115.0,7437,aitads/wardbeck-wazuh,aitads/wardbeck,0,1645.0,0.013209358789026737,middle,1107,aitads/santos-wazuh,aitads/santos,0,1160.0,1111,aitads/santos-wazuh,aitads/santos,0,1155.0,1103,aitads/santos-wazuh,aitads/santos,0,1165.0,319,aitads/santos-wazuh,aitads/santos,0,2505.0,1115,aitads/santos-wazuh,aitads/santos,0,1150.0
pair_3d8bf684013c,AIT-ADS chronology,509,aitads/wheeler-wazuh,aitads/wheeler,1643178600,0,4255.0,Prefix-Only,TRACER route,7,0.0021953124087303877,middle,6687,aitads/wardbeck-wazuh,aitads/wardbeck,0,2895.0,7749,aitads/wardbeck-wazuh,aitads/wardbeck,0,1125.0,5245,aitads/wardbeck-wazuh,aitads/wardbeck,0,1915.0,3565,aitads/fox-wazuh,aitads/fox,0,1325.0,5113,aitads/wardbeck-wazuh,aitads/wardbeck,0,2080.0,0.013208650052547455,middle,1111,aitads/santos-wazuh,aitads/santos,0,1155.0,175,aitads/santos-wazuh,aitads/santos,0,2865.0,6687,aitads/wardbeck-wazuh,aitads/wardbeck,0,2895.0,1115,aitads/santos-wazuh,aitads/santos,0,1150.0,1107,aitads/santos-wazuh,aitads/santos,0,1160.0
pair_4579d3e96b34,AIT-ADS chronology,3380,aitads/wheeler-wazuh,aitads/wheeler,1643465700,0,1060.0,TRACER route,Prefix-Only,7,0.013207344338297844,middle,1107,aitads/santos-wazuh,aitads/santos,0,1160.0,1103,aitads/santos-wazuh,aitads/santos,0,1165.0,1111,aitads/santos-wazuh,aitads/santos,0,1155.0,319,aitads/santos-wazuh,aitads/santos,0,2505.0,967,aitads/santos-wazuh,aitads/santos,0,1335.0,0.0021391361951828003,middle,6687,aitads/wardbeck-wazuh,aitads/wardbeck,0,2895.0,1045,aitads/fox-wazuh,aitads/fox,0,2790.0,2381,aitads/fox-wazuh,aitads/fox,0,1120.0,5113,aitads/wardbeck-wazuh,aitads/wardbeck,0,2080.0,6021,aitads/wardbeck-wazuh,aitads/wardbeck,0,520.0
pair_1bd893720797,AIT-ADS chronology,4214,aitads/wheeler-wazuh,aitads/wheeler,1643549100,0,265.0,Prefix-Only,TRACER route,7,0.0021427455358207226,middle,6687,aitads/wardbeck-wazuh,aitads/wardbeck,0,2895.0,1045,aitads/fox-wazuh,aitads/fox,0,2790.0,2381,aitads/fox-wazuh,aitads/fox,0,1120.0,7749,aitads/wardbeck-wazuh,aitads/wardbeck,0,1125.0,5113,aitads/wardbeck-wazuh,aitads/wardbeck,0,2080.0,0.013228029944002628,middle,1107,aitads/santos-wazuh,aitads/santos,0,1160.0,1103,aitads/santos-wazuh,aitads/santos,0,1165.0,1111,aitads/santos-wazuh,aitads/santos,0,1155.0,319,aitads/santos-wazuh,aitads/santos,0,2505.0,935,aitads/santos-wazuh,aitads/santos,0,1375.0
pair_50e9d68f2ebf,AIT-ADS chronology,3203,aitads/wheeler-wazuh,aitads/wheeler,1643448000,0,1355.0,TRACER route,Prefix-Only,7,0.013205760158598423,middle,1107,aitads/santos-wazuh,aitads/santos,0,1160.0,1111,aitads/santos-wazuh,aitads/santos,0,1155.0,319,aitads/santos-wazuh,aitads/santos,0,2505.0,1103,aitads/santos-wazuh,aitads/santos,0,1165.0,1115,aitads/santos-wazuh,aitads/santos,0,1150.0,0.0022193475160747766,middle,5245,aitads/wardbeck-wazuh,aitads/wardbeck,0,1915.0,1045,aitads/fox-wazuh,aitads/fox,0,2790.0,7749,aitads/wardbeck-wazuh,aitads/wardbeck,0,1125.0,6687,aitads/wardbeck-wazuh,aitads/wardbeck,0,2895.0,6570,aitads/wardbeck-wazuh,aitads/wardbeck,0,3090.0
pair_656a5066bb6c,AIT-ADS chronology,475,aitads/wheeler-aminer,aitads/wheeler,1643175300,0,4310.0,TRACER route,Prefix-Only,7,0.0018845542799681425,low_quartile,844,aitads/fox-aminer,aitads/fox,0,3035.0,132,aitads/santos-aminer,aitads/santos,0,2970.0,7302,aitads/wardbeck-wazuh,aitads/wardbeck,0,1870.0,6470,aitads/wardbeck-aminer,aitads/wardbeck,0,3255.0,6620,aitads/wardbeck-aminer,aitads/wardbeck,0,3005.0,0.0015491638332605362,middle,876,aitads/fox-aminer,aitads/fox,0,2995.0,932,aitads/fox-aminer,aitads/fox,0,2925.0,126,aitads/santos-aminer,aitads/santos,0,2985.0,1297,aitads/fox-wazuh,aitads/fox,0,2475.0,728,aitads/fox-aminer,aitads/fox,0,3180.0
pair_3254bc61cfe4,AIT-ADS chronology,478,aitads/wheeler-aminer,aitads/wheeler,1643175600,0,4305.0,TRACER route,Prefix-Only,7,0.0019146503182128072,low_quartile,7302,aitads/wardbeck-wazuh,aitads/wardbeck,0,1870.0,844,aitads/fox-aminer,aitads/fox,0,3035.0,3708,aitads/fox-aminer,aitads/fox,0,1110.0,3924,aitads/fox-wazuh,aitads/fox,0,875.0,6620,aitads/wardbeck-aminer,aitads/wardbeck,0,3005.0,0.00155344745144248,middle,1325,aitads/fox-wazuh,aitads/fox,0,2440.0,876,aitads/fox-aminer,aitads/fox,0,2995.0,2152,aitads/fox-aminer,aitads/fox,0,1400.0,138,aitads/santos-aminer,aitads/santos,0,2955.0,132,aitads/santos-aminer,aitads/santos,0,2970.0
pair_98473cb8e2c0,AIT-ADS chronology,1905,aitads/shaw-wazuh,aitads/shaw,1643318400,0,1430.0,Prefix-Only,TRACER route,7,0.001528772758319974,low_quartile,2248,aitads/fox-aminer,aitads/fox,0,1280.0,2867,aitads/santos-wazuh,aitads/santos,0,645.0,2771,aitads/santos-wazuh,aitads/santos,0,765.0,2963,aitads/santos-wazuh,aitads/santos,0,525.0,2819,aitads/santos-wazuh,aitads/santos,0,705.0,0.002112529706209898,low_quartile,876,aitads/fox-aminer,aitads/fox,0,2995.0,6605,aitads/wardbeck-aminer,aitads/wardbeck,0,3030.0,6518,aitads/wardbeck-aminer,aitads/wardbeck,0,3175.0,873,aitads/fox-wazuh,aitads/fox,0,3005.0,128,aitads/santos-aminer,aitads/santos,0,2980.0
pair_ec93f309321c,AIT-ADS chronology,2688,aitads/shaw-wazuh,aitads/shaw,1643396700,0,125.0,Prefix-Only,TRACER route,7,0.0015229986747726798,low_quartile,7068,aitads/wardbeck-wazuh,aitads/wardbeck,0,2260.0,3617,aitads/fox-wazuh,aitads/fox,0,1260.0,800,aitads/fox-aminer,aitads/fox,0,3090.0,4816,aitads/wardbeck-aminer,aitads/wardbeck,0,2420.0,3613,aitads/fox-wazuh,aitads/fox,0,1265.0,0.002118703443557024,low_quartile,868,aitads/fox-aminer,aitads/fox,0,3005.0,3708,aitads/fox-aminer,aitads/fox,0,1110.0,6728,aitads/wardbeck-aminer,aitads/wardbeck,0,2825.0,4555,aitads/wardbeck-aminer,aitads/wardbeck,0,2755.0,5397,aitads/wardbeck-wazuh,aitads/wardbeck,0,1725.0
pair_7abeceb0d161,AIT-ADS chronology,490,aitads/wheeler-aminer,aitads/wheeler,1643176800,0,4285.0,TRACER route,Prefix-Only,7,0.0021409050095826387,low_quartile,3708,aitads/fox-aminer,aitads/fox,0,1110.0,7401,aitads/wardbeck-wazuh,aitads/wardbeck,0,1705.0,876,aitads/fox-aminer,aitads/fox,0,2995.0,4555,aitads/wardbeck-aminer,aitads/wardbeck,0,2755.0,128,aitads/santos-aminer,aitads/santos,0,2980.0,0.0015342759434133768,low_quartile,6502,aitads/russellmitchell-aminer,aitads/russellmitchell,0,4150.0,4621,aitads/wardbeck-wazuh,aitads/wardbeck,0,2695.0,713,aitads/fox-wazuh,aitads/fox,0,3205.0,4669,aitads/wardbeck-wazuh,aitads/wardbeck,0,2635.0,761,aitads/fox-wazuh,aitads/fox,0,3145.0
pair_e9b4dea24463,AIT-ADS chronology,508,aitads/wheeler-aminer,aitads/wheeler,1643178600,0,4255.0,Prefix-Only,TRACER route,7,0.0015423210570588708,low_quartile,4792,aitads/wardbeck-aminer,aitads/wardbeck,0,2450.0,4909,aitads/wardbeck-wazuh,aitads/wardbeck,0,2335.0,3145,aitads/fox-wazuh,aitads/fox,0,165.0,6143,aitads/wardbeck-wazuh,aitads/wardbeck,0,215.0,3401,aitads/fox-wazuh,aitads/fox,0,1530.0,0.0021481181029230356,low_quartile,844,aitads/fox-aminer,aitads/fox,0,3035.0,6470,aitads/wardbeck-aminer,aitads/wardbeck,0,3255.0,7302,aitads/wardbeck-wazuh,aitads/wardbeck,0,1870.0,6620,aitads/wardbeck-aminer,aitads/wardbeck,0,3005.0,6713,aitads/wardbeck-aminer,aitads/wardbeck,0,2850.0
pair_7c7b6d9903ad,AIT-ADS chronology,2804,aitads/wheeler-wazuh,aitads/wheeler,1643408100,0,430.0,Prefix-Only,TRACER route,7,0.0015472304075956345,middle,805,aitads/fox-wazuh,aitads/fox,0,3090.0,3485,aitads/fox-wazuh,aitads/fox,0,1425.0,4928,aitads/wardbeck-aminer,aitads/wardbeck,0,2280.0,4092,aitads/fox-wazuh,aitads/fox,0,490.0,988,aitads/fox-aminer,aitads/fox,0,2855.0,0.0021753613837063313,low_quartile,6722,aitads/wardbeck-aminer,aitads/wardbeck,0,2835.0,5823,aitads/wardbeck-wazuh,aitads/wardbeck,0,1015.0,952,aitads/fox-aminer,aitads/fox,0,2900.0,4928,aitads/wardbeck-aminer,aitads/wardbeck,0,2280.0,6719,aitads/wardbeck-aminer,aitads/wardbeck,0,2840.0
pair_b4464e6009ca,AIT-ADS chronology,2705,aitads/wheeler-wazuh,aitads/wheeler,1643398200,0,595.0,TRACER route,Prefix-Only,7,0.002175776520743966,low_quartile,7401,aitads/wardbeck-wazuh,aitads/wardbeck,0,1705.0,3708,aitads/fox-aminer,aitads/fox,0,1110.0,876,aitads/fox-aminer,aitads/fox,0,2995.0,868,aitads/fox-aminer,aitads/fox,0,3005.0,5397,aitads/wardbeck-wazuh,aitads/wardbeck,0,1725.0,0.0015715168556198478,middle,1543,aitads/santos-wazuh,aitads/santos,0,615.0,947,aitads/santos-wazuh,aitads/santos,0,1360.0,1551,aitads/santos-wazuh,aitads/santos,0,605.0,329,aitads/santos-wazuh,aitads/santos,0,2480.0,1293,aitads/fox-wazuh,aitads/fox,0,2480.0
pair_303dc1d33cb1,AIT-ADS chronology,2075,aitads/wheeler-wazuh,aitads/wheeler,1643335200,0,1645.0,TRACER route,Prefix-Only,7,0.002186296973377466,low_quartile,7302,aitads/wardbeck-wazuh,aitads/wardbeck,0,1870.0,6620,aitads/wardbeck-aminer,aitads/wardbeck,0,3005.0,844,aitads/fox-aminer,aitads/fox,0,3035.0,6470,aitads/wardbeck-aminer,aitads/wardbeck,0,3255.0,3924,aitads/fox-wazuh,aitads/fox,0,875.0,0.0016621493268758059,middle,7302,aitads/wardbeck-wazuh,aitads/wardbeck,0,1870.0,6209,aitads/wardbeck-wazuh,aitads/wardbeck,0,50.0,7059,aitads/wardbeck-wazuh,aitads/wardbeck,0,2275.0,5871,aitads/wardbeck-wazuh,aitads/wardbeck,0,895.0,7050,aitads/wardbeck-wazuh,aitads/wardbeck,0,2290.0
pair_918b9145debd,AIT-ADS chronology,484,aitads/wheeler-aminer,aitads/wheeler,1643176200,0,4295.0,Prefix-Only,TRACER route,7,0.0015307496068999171,low_quartile,1577,aitads/fox-wazuh,aitads/fox,0,2125.0,1529,aitads/fox-wazuh,aitads/fox,0,2185.0,1625,aitads/fox-wazuh,aitads/fox,0,2065.0,4561,aitads/wardbeck-aminer,aitads/wardbeck,0,2745.0,1673,aitads/fox-wazuh,aitads/fox,0,2005.0,0.0022076512686908245,low_quartile,868,aitads/fox-aminer,aitads/fox,0,3005.0,6268,aitads/russellmitchell-aminer,aitads/russellmitchell,0,4540.0,4555,aitads/wardbeck-aminer,aitads/wardbeck,0,2755.0,3708,aitads/fox-aminer,aitads/fox,0,1110.0,892,aitads/fox-aminer,aitads/fox,0,2975.0
