item_id,dataset,method,query_index,query_incident_id,query_family_id,y_true,y_score,time_to_escalation,seed,analog1_train_index,analog1_incident_id,analog1_family_id,analog1_label,analog2_train_index,analog2_incident_id,analog2_family_id,analog2_label,analog3_train_index,analog3_incident_id,analog3_family_id,analog3_label,analog4_train_index,analog4_incident_id,analog4_family_id,analog4_label,analog5_train_index,analog5_incident_id,analog5_family_id,analog5_label
item_0123ac8ae5fd,ATLASv2 held-out-family,TRACER route,81,atlasv2/h1-s4,atlasv2/s4,1,0.13527557253837585,5.0,7,365,atlasv2/h1-s1,atlasv2/s1,0,363,atlasv2/h1-s1,atlasv2/s1,0,367,atlasv2/h1-s1,atlasv2/s1,0,364,atlasv2/h1-s2,atlasv2/s2,0,366,atlasv2/h1-s2,atlasv2/s2,0
item_ffdd385f9331,ATLASv2 held-out-family,TRACER route,78,atlasv2/h1-s4,atlasv2/s4,1,0.2597126066684723,20.0,7,146,atlasv2/h1-benign-seg002,atlasv2/benign-h1-seg002,0,369,atlasv2/h1-s1,atlasv2/s1,0,423,atlasv2/h1-m1,atlasv2/m1,0,373,atlasv2/h1-s2,atlasv2/s2,1,361,atlasv2/h1-s1,atlasv2/s1,0
item_eca24af3b6e2,ATLASv2 held-out-family,TRACER route,76,atlasv2/h1-s4,atlasv2/s4,1,0.03863907605409622,30.0,7,31,atlasv2/h1-benign-seg001,atlasv2/benign-h1-seg001,0,29,atlasv2/h1-benign-seg001,atlasv2/benign-h1-seg001,0,33,atlasv2/h1-benign-seg001,atlasv2/benign-h1-seg001,0,37,atlasv2/h1-benign-seg001,atlasv2/benign-h1-seg001,0,35,atlasv2/h1-benign-seg001,atlasv2/benign-h1-seg001,0
item_ecb0a1f90d46,ATLASv2 held-out-family,TRACER route,80,atlasv2/h1-s4,atlasv2/s4,1,0.18349863588809967,10.0,7,365,atlasv2/h1-s1,atlasv2/s1,0,363,atlasv2/h1-s1,atlasv2/s1,0,367,atlasv2/h1-s1,atlasv2/s1,0,2,atlasv2/h1-benign-seg000,atlasv2/benign-h1-seg000,0,0,atlasv2/h1-benign-seg000,atlasv2/benign-h1-seg000,0
item_aabb946d8670,ATLASv2 held-out-family,TRACER route,77,atlasv2/h1-s4,atlasv2/s4,1,0.03863907605409622,25.0,7,31,atlasv2/h1-benign-seg001,atlasv2/benign-h1-seg001,0,29,atlasv2/h1-benign-seg001,atlasv2/benign-h1-seg001,0,33,atlasv2/h1-benign-seg001,atlasv2/benign-h1-seg001,0,37,atlasv2/h1-benign-seg001,atlasv2/benign-h1-seg001,0,35,atlasv2/h1-benign-seg001,atlasv2/benign-h1-seg001,0
item_2f75f7e677d9,ATLASv2 held-out-family,TRACER route,79,atlasv2/h1-s4,atlasv2/s4,1,0.2297365814447403,15.0,7,362,atlasv2/h1-s2,atlasv2/s2,0,361,atlasv2/h1-s1,atlasv2/s1,0,373,atlasv2/h1-s2,atlasv2/s2,1,369,atlasv2/h1-s1,atlasv2/s1,0,146,atlasv2/h1-benign-seg002,atlasv2/benign-h1-seg002,0
item_8bf6c6c6cae6,ATLASv2 held-out-family,TRACER route,73,atlasv2/h1-s4,atlasv2/s4,0,0.12621916830539703,45.0,7,150,atlasv2/h1-benign-seg002,atlasv2/benign-h1-seg002,0,148,atlasv2/h1-benign-seg002,atlasv2/benign-h1-seg002,0,425,atlasv2/h1-m1,atlasv2/m1,0,427,atlasv2/h1-m1,atlasv2/m1,0,368,atlasv2/h1-s2,atlasv2/s2,0
item_ded5842127f5,ATLASv2 held-out-family,TRACER route,45,atlasv2/h1-benign-seg034,atlasv2/benign-h1-seg034,0,0.12621915340423584,45.0,7,150,atlasv2/h1-benign-seg002,atlasv2/benign-h1-seg002,0,148,atlasv2/h1-benign-seg002,atlasv2/benign-h1-seg002,0,425,atlasv2/h1-m1,atlasv2/m1,0,427,atlasv2/h1-m1,atlasv2/m1,0,368,atlasv2/h1-s2,atlasv2/s2,0
item_35f7bacaaedb,ATLASv2 held-out-family,TRACER route,62,atlasv2/h1-benign-seg035,atlasv2/benign-h1-seg035,0,0.12621915340423584,45.0,7,150,atlasv2/h1-benign-seg002,atlasv2/benign-h1-seg002,0,148,atlasv2/h1-benign-seg002,atlasv2/benign-h1-seg002,0,425,atlasv2/h1-m1,atlasv2/m1,0,427,atlasv2/h1-m1,atlasv2/m1,0,368,atlasv2/h1-s2,atlasv2/s2,0
item_66146fa01694,ATLASv2 held-out-family,TRACER route,47,atlasv2/h1-benign-seg034,atlasv2/benign-h1-seg034,0,0.03863907605409622,45.0,7,31,atlasv2/h1-benign-seg001,atlasv2/benign-h1-seg001,0,29,atlasv2/h1-benign-seg001,atlasv2/benign-h1-seg001,0,33,atlasv2/h1-benign-seg001,atlasv2/benign-h1-seg001,0,37,atlasv2/h1-benign-seg001,atlasv2/benign-h1-seg001,0,35,atlasv2/h1-benign-seg001,atlasv2/benign-h1-seg001,0
item_dc66258797c2,ATLASv2 held-out-family,TRACER route,49,atlasv2/h1-benign-seg034,atlasv2/benign-h1-seg034,0,0.03863907605409622,45.0,7,31,atlasv2/h1-benign-seg001,atlasv2/benign-h1-seg001,0,29,atlasv2/h1-benign-seg001,atlasv2/benign-h1-seg001,0,33,atlasv2/h1-benign-seg001,atlasv2/benign-h1-seg001,0,37,atlasv2/h1-benign-seg001,atlasv2/benign-h1-seg001,0,35,atlasv2/h1-benign-seg001,atlasv2/benign-h1-seg001,0
item_8d673495bdeb,ATLASv2 held-out-family,TRACER route,4,atlasv2/h2-benign-seg033,atlasv2/benign-h2-seg033,0,0.0010003949282690883,45.0,7,416,atlasv2/h2-m1,atlasv2/m1,0,46,atlasv2/h2-benign-seg001,atlasv2/benign-h2-seg001,0,15,atlasv2/h2-benign-seg000,atlasv2/benign-h2-seg000,0,48,atlasv2/h2-benign-seg001,atlasv2/benign-h2-seg001,0,44,atlasv2/h2-benign-seg001,atlasv2/benign-h2-seg001,0
item_d9069ea0dbcd,ATLASv2 held-out-family,TRACER route,12,atlasv2/h2-benign-seg033,atlasv2/benign-h2-seg033,0,0.0010003949282690883,45.0,7,416,atlasv2/h2-m1,atlasv2/m1,0,46,atlasv2/h2-benign-seg001,atlasv2/benign-h2-seg001,0,15,atlasv2/h2-benign-seg000,atlasv2/benign-h2-seg000,0,48,atlasv2/h2-benign-seg001,atlasv2/benign-h2-seg001,0,44,atlasv2/h2-benign-seg001,atlasv2/benign-h2-seg001,0
item_ccaa1fc6a878,ATLASv2 held-out-family,TRACER route,13,atlasv2/h2-benign-seg033,atlasv2/benign-h2-seg033,0,0.0010003949282690883,45.0,7,416,atlasv2/h2-m1,atlasv2/m1,0,46,atlasv2/h2-benign-seg001,atlasv2/benign-h2-seg001,0,15,atlasv2/h2-benign-seg000,atlasv2/benign-h2-seg000,0,48,atlasv2/h2-benign-seg001,atlasv2/benign-h2-seg001,0,44,atlasv2/h2-benign-seg001,atlasv2/benign-h2-seg001,0
item_5f1a47446d4a,ATLASv2 held-out-family,TRACER route,14,atlasv2/h2-benign-seg033,atlasv2/benign-h2-seg033,0,0.0010003949282690883,45.0,7,416,atlasv2/h2-m1,atlasv2/m1,0,46,atlasv2/h2-benign-seg001,atlasv2/benign-h2-seg001,0,15,atlasv2/h2-benign-seg000,atlasv2/benign-h2-seg000,0,48,atlasv2/h2-benign-seg001,atlasv2/benign-h2-seg001,0,44,atlasv2/h2-benign-seg001,atlasv2/benign-h2-seg001,0
item_6f0a8f96d220,ATLASv2 held-out-family,TRACER route,15,atlasv2/h2-benign-seg033,atlasv2/benign-h2-seg033,0,0.0010003949282690883,45.0,7,416,atlasv2/h2-m1,atlasv2/m1,0,46,atlasv2/h2-benign-seg001,atlasv2/benign-h2-seg001,0,15,atlasv2/h2-benign-seg000,atlasv2/benign-h2-seg000,0,48,atlasv2/h2-benign-seg001,atlasv2/benign-h2-seg001,0,44,atlasv2/h2-benign-seg001,atlasv2/benign-h2-seg001,0
item_9ae943bfcc6d,ATLASv2 held-out-family,TRACER route,33,atlasv2/h2-benign-seg034,atlasv2/benign-h2-seg034,0,0.0008533826912753284,45.0,7,431,atlasv2/h2-m2,atlasv2/m2,0,432,atlasv2/h2-m2,atlasv2/m2,0,424,atlasv2/h2-m1,atlasv2/m1,0,426,atlasv2/h2-m1,atlasv2/m1,0,323,atlasv2/h2-benign-seg018,atlasv2/benign-h2-seg018,0
item_1347e0c1b0b9,ATLASv2 held-out-family,TRACER route,54,atlasv2/h2-benign-seg035,atlasv2/benign-h2-seg035,0,0.0007977189961820841,45.0,7,313,atlasv2/h2-benign-seg018,atlasv2/benign-h2-seg018,0,329,atlasv2/h2-benign-seg018,atlasv2/benign-h2-seg018,0,68,atlasv2/h2-benign-seg001,atlasv2/benign-h2-seg001,0,62,atlasv2/h2-benign-seg001,atlasv2/benign-h2-seg001,0,18,atlasv2/h2-benign-seg000,atlasv2/benign-h2-seg000,0
item_35a4b70915db,ATLASv2 held-out-family,TRACER route,17,atlasv2/h2-benign-seg033,atlasv2/benign-h2-seg033,0,0.0010003949282690883,45.0,7,416,atlasv2/h2-m1,atlasv2/m1,0,46,atlasv2/h2-benign-seg001,atlasv2/benign-h2-seg001,0,15,atlasv2/h2-benign-seg000,atlasv2/benign-h2-seg000,0,48,atlasv2/h2-benign-seg001,atlasv2/benign-h2-seg001,0,44,atlasv2/h2-benign-seg001,atlasv2/benign-h2-seg001,0
item_f071ebd67427,ATLASv2 held-out-family,TRACER route,21,atlasv2/h2-benign-seg033,atlasv2/benign-h2-seg033,0,0.0010003949282690883,45.0,7,416,atlasv2/h2-m1,atlasv2/m1,0,46,atlasv2/h2-benign-seg001,atlasv2/benign-h2-seg001,0,15,atlasv2/h2-benign-seg000,atlasv2/benign-h2-seg000,0,48,atlasv2/h2-benign-seg001,atlasv2/benign-h2-seg001,0,44,atlasv2/h2-benign-seg001,atlasv2/benign-h2-seg001,0
item_8b02c1c3cd8f,ATLASv2 held-out-family,TRACER route,46,atlasv2/h2-benign-seg034,atlasv2/benign-h2-seg034,0,0.0010003949282690883,45.0,7,416,atlasv2/h2-m1,atlasv2/m1,0,46,atlasv2/h2-benign-seg001,atlasv2/benign-h2-seg001,0,15,atlasv2/h2-benign-seg000,atlasv2/benign-h2-seg000,0,48,atlasv2/h2-benign-seg001,atlasv2/benign-h2-seg001,0,44,atlasv2/h2-benign-seg001,atlasv2/benign-h2-seg001,0
item_7132f79a46f4,ATLASv2 held-out-family,TRACER route,5,atlasv2/h2-benign-seg033,atlasv2/benign-h2-seg033,0,0.00046897248830646276,45.0,7,213,atlasv2/h2-benign-seg009,atlasv2/benign-h2-seg009,0,197,atlasv2/h2-benign-seg009,atlasv2/benign-h2-seg009,0,293,atlasv2/h2-benign-seg018,atlasv2/benign-h2-seg018,0,388,atlasv2/h2-m1,atlasv2/m1,0,283,atlasv2/h2-benign-seg017,atlasv2/benign-h2-seg017,0
item_f4db121a5145,ATLASv2 held-out-family,TRACER route,1,atlasv2/h2-benign-seg033,atlasv2/benign-h2-seg033,0,0.0005112384096719325,45.0,7,384,atlasv2/h2-m1,atlasv2/m1,0,398,atlasv2/h2-m1,atlasv2/m1,0,239,atlasv2/h2-benign-seg010,atlasv2/benign-h2-seg010,0,279,atlasv2/h2-benign-seg017,atlasv2/benign-h2-seg017,0,261,atlasv2/h2-benign-seg016,atlasv2/benign-h2-seg016,0
item_35d52d10ba29,ATLASv2 held-out-family,TRACER route,11,atlasv2/h2-benign-seg033,atlasv2/benign-h2-seg033,0,0.0006746719009242952,45.0,7,386,atlasv2/h2-m1,atlasv2/m1,0,385,atlasv2/h2-m1,atlasv2/m1,0,311,atlasv2/h2-benign-seg018,atlasv2/benign-h2-seg018,0,54,atlasv2/h2-benign-seg001,atlasv2/benign-h2-seg001,0,56,atlasv2/h2-benign-seg001,atlasv2/benign-h2-seg001,0
item_60e0245008f7,ATLASv2 held-out-family,TRACER route,7,atlasv2/h2-benign-seg033,atlasv2/benign-h2-seg033,0,0.00033255922608077526,45.0,7,390,atlasv2/h2-m1,atlasv2/m1,0,305,atlasv2/h2-benign-seg018,atlasv2/benign-h2-seg018,0,303,atlasv2/h2-benign-seg018,atlasv2/benign-h2-seg018,0,217,atlasv2/h2-benign-seg010,atlasv2/benign-h2-seg010,0,317,atlasv2/h2-benign-seg018,atlasv2/benign-h2-seg018,0
item_1e162169de4c,ATLASv2 held-out-family,TRACER route,29,atlasv2/h2-benign-seg033,atlasv2/benign-h2-seg033,0,0.0010003949282690883,45.0,7,416,atlasv2/h2-m1,atlasv2/m1,0,46,atlasv2/h2-benign-seg001,atlasv2/benign-h2-seg001,0,15,atlasv2/h2-benign-seg000,atlasv2/benign-h2-seg000,0,48,atlasv2/h2-benign-seg001,atlasv2/benign-h2-seg001,0,44,atlasv2/h2-benign-seg001,atlasv2/benign-h2-seg001,0
item_0f0c852f0d08,ATLASv2 held-out-family,TRACER route,74,atlasv2/h1-s4,atlasv2/s4,0,0.03863907605409622,40.0,7,31,atlasv2/h1-benign-seg001,atlasv2/benign-h1-seg001,0,29,atlasv2/h1-benign-seg001,atlasv2/benign-h1-seg001,0,33,atlasv2/h1-benign-seg001,atlasv2/benign-h1-seg001,0,37,atlasv2/h1-benign-seg001,atlasv2/benign-h1-seg001,0,35,atlasv2/h1-benign-seg001,atlasv2/benign-h1-seg001,0
item_7256d8c7c35c,ATLASv2 held-out-family,TRACER route,55,atlasv2/h2-benign-seg035,atlasv2/benign-h2-seg035,0,0.0010003949282690883,45.0,7,416,atlasv2/h2-m1,atlasv2/m1,0,46,atlasv2/h2-benign-seg001,atlasv2/benign-h2-seg001,0,15,atlasv2/h2-benign-seg000,atlasv2/benign-h2-seg000,0,48,atlasv2/h2-benign-seg001,atlasv2/benign-h2-seg001,0,44,atlasv2/h2-benign-seg001,atlasv2/benign-h2-seg001,0
item_e20581b86552,ATLASv2 held-out-family,TRACER route,41,atlasv2/h2-benign-seg034,atlasv2/benign-h2-seg034,0,0.00028949271654710174,45.0,7,147,atlasv2/h2-benign-seg002,atlasv2/benign-h2-seg002,0,422,atlasv2/h2-m1,atlasv2/m1,0,430,atlasv2/h2-m2,atlasv2/m2,0,394,atlasv2/h2-m1,atlasv2/m1,0,319,atlasv2/h2-benign-seg018,atlasv2/benign-h2-seg018,0
item_6cdcd37df49c,ATLASv2 held-out-family,TRACER route,72,atlasv2/h1-benign-seg035,atlasv2/benign-h1-seg035,0,0.03863907605409622,45.0,7,31,atlasv2/h1-benign-seg001,atlasv2/benign-h1-seg001,0,29,atlasv2/h1-benign-seg001,atlasv2/benign-h1-seg001,0,33,atlasv2/h1-benign-seg001,atlasv2/benign-h1-seg001,0,37,atlasv2/h1-benign-seg001,atlasv2/benign-h1-seg001,0,35,atlasv2/h1-benign-seg001,atlasv2/benign-h1-seg001,0
item_6061bdcb0a8c,ATLASv2 held-out-family,Prefix-Only,81,atlasv2/h1-s4,atlasv2/s4,1,0.021389130502939224,5.0,7,365,atlasv2/h1-s1,atlasv2/s1,0,363,atlasv2/h1-s1,atlasv2/s1,0,367,atlasv2/h1-s1,atlasv2/s1,0,0,atlasv2/h1-benign-seg000,atlasv2/benign-h1-seg000,0,2,atlasv2/h1-benign-seg000,atlasv2/benign-h1-seg000,0
item_7c715204c796,ATLASv2 held-out-family,Prefix-Only,78,atlasv2/h1-s4,atlasv2/s4,1,0.09469382464885712,20.0,7,146,atlasv2/h1-benign-seg002,atlasv2/benign-h1-seg002,0,423,atlasv2/h1-m1,atlasv2/m1,0,373,atlasv2/h1-s2,atlasv2/s2,1,360,atlasv2/h1-s2,atlasv2/s2,0,359,atlasv2/h1-s1,atlasv2/s1,0
item_05c8df8f84a2,ATLASv2 held-out-family,Prefix-Only,76,atlasv2/h1-s4,atlasv2/s4,1,0.01787858083844185,30.0,7,31,atlasv2/h1-benign-seg001,atlasv2/benign-h1-seg001,0,29,atlasv2/h1-benign-seg001,atlasv2/benign-h1-seg001,0,33,atlasv2/h1-benign-seg001,atlasv2/benign-h1-seg001,0,37,atlasv2/h1-benign-seg001,atlasv2/benign-h1-seg001,0,35,atlasv2/h1-benign-seg001,atlasv2/benign-h1-seg001,0
item_6558cdb0deb2,ATLASv2 held-out-family,Prefix-Only,80,atlasv2/h1-s4,atlasv2/s4,1,0.03859119862318039,10.0,7,365,atlasv2/h1-s1,atlasv2/s1,0,363,atlasv2/h1-s1,atlasv2/s1,0,367,atlasv2/h1-s1,atlasv2/s1,0,375,atlasv2/h1-s2,atlasv2/s2,1,364,atlasv2/h1-s2,atlasv2/s2,0
item_991eee1f5dfb,ATLASv2 held-out-family,Prefix-Only,77,atlasv2/h1-s4,atlasv2/s4,1,0.01787858083844185,25.0,7,31,atlasv2/h1-benign-seg001,atlasv2/benign-h1-seg001,0,29,atlasv2/h1-benign-seg001,atlasv2/benign-h1-seg001,0,33,atlasv2/h1-benign-seg001,atlasv2/benign-h1-seg001,0,37,atlasv2/h1-benign-seg001,atlasv2/benign-h1-seg001,0,35,atlasv2/h1-benign-seg001,atlasv2/benign-h1-seg001,0
item_0e9c04644198,ATLASv2 held-out-family,Prefix-Only,79,atlasv2/h1-s4,atlasv2/s4,1,0.1119312196969986,15.0,7,362,atlasv2/h1-s2,atlasv2/s2,0,361,atlasv2/h1-s1,atlasv2/s1,0,373,atlasv2/h1-s2,atlasv2/s2,1,360,atlasv2/h1-s2,atlasv2/s2,0,359,atlasv2/h1-s1,atlasv2/s1,0
item_aff73b37e354,ATLASv2 held-out-family,Prefix-Only,73,atlasv2/h1-s4,atlasv2/s4,0,0.017864402383565903,45.0,7,150,atlasv2/h1-benign-seg002,atlasv2/benign-h1-seg002,0,148,atlasv2/h1-benign-seg002,atlasv2/benign-h1-seg002,0,427,atlasv2/h1-m1,atlasv2/m1,0,425,atlasv2/h1-m1,atlasv2/m1,0,368,atlasv2/h1-s2,atlasv2/s2,0
item_37c0de696fea,ATLASv2 held-out-family,Prefix-Only,45,atlasv2/h1-benign-seg034,atlasv2/benign-h1-seg034,0,0.017864402383565903,45.0,7,150,atlasv2/h1-benign-seg002,atlasv2/benign-h1-seg002,0,148,atlasv2/h1-benign-seg002,atlasv2/benign-h1-seg002,0,427,atlasv2/h1-m1,atlasv2/m1,0,425,atlasv2/h1-m1,atlasv2/m1,0,368,atlasv2/h1-s2,atlasv2/s2,0
item_5855fe4d664e,ATLASv2 held-out-family,Prefix-Only,62,atlasv2/h1-benign-seg035,atlasv2/benign-h1-seg035,0,0.017864402383565903,45.0,7,150,atlasv2/h1-benign-seg002,atlasv2/benign-h1-seg002,0,148,atlasv2/h1-benign-seg002,atlasv2/benign-h1-seg002,0,427,atlasv2/h1-m1,atlasv2/m1,0,425,atlasv2/h1-m1,atlasv2/m1,0,368,atlasv2/h1-s2,atlasv2/s2,0
item_45c1c1e385d8,ATLASv2 held-out-family,Prefix-Only,47,atlasv2/h1-benign-seg034,atlasv2/benign-h1-seg034,0,0.01787858083844185,45.0,7,31,atlasv2/h1-benign-seg001,atlasv2/benign-h1-seg001,0,29,atlasv2/h1-benign-seg001,atlasv2/benign-h1-seg001,0,33,atlasv2/h1-benign-seg001,atlasv2/benign-h1-seg001,0,37,atlasv2/h1-benign-seg001,atlasv2/benign-h1-seg001,0,35,atlasv2/h1-benign-seg001,atlasv2/benign-h1-seg001,0
item_ff7406cb1bf0,ATLASv2 held-out-family,Prefix-Only,49,atlasv2/h1-benign-seg034,atlasv2/benign-h1-seg034,0,0.01787858083844185,45.0,7,31,atlasv2/h1-benign-seg001,atlasv2/benign-h1-seg001,0,29,atlasv2/h1-benign-seg001,atlasv2/benign-h1-seg001,0,33,atlasv2/h1-benign-seg001,atlasv2/benign-h1-seg001,0,37,atlasv2/h1-benign-seg001,atlasv2/benign-h1-seg001,0,35,atlasv2/h1-benign-seg001,atlasv2/benign-h1-seg001,0
item_bafefae4212d,ATLASv2 held-out-family,Prefix-Only,4,atlasv2/h2-benign-seg033,atlasv2/benign-h2-seg033,0,0.0002955096715595573,45.0,7,416,atlasv2/h2-m1,atlasv2/m1,0,46,atlasv2/h2-benign-seg001,atlasv2/benign-h2-seg001,0,15,atlasv2/h2-benign-seg000,atlasv2/benign-h2-seg000,0,48,atlasv2/h2-benign-seg001,atlasv2/benign-h2-seg001,0,44,atlasv2/h2-benign-seg001,atlasv2/benign-h2-seg001,0
item_1db439b2273e,ATLASv2 held-out-family,Prefix-Only,12,atlasv2/h2-benign-seg033,atlasv2/benign-h2-seg033,0,0.0002955096715595573,45.0,7,416,atlasv2/h2-m1,atlasv2/m1,0,46,atlasv2/h2-benign-seg001,atlasv2/benign-h2-seg001,0,15,atlasv2/h2-benign-seg000,atlasv2/benign-h2-seg000,0,48,atlasv2/h2-benign-seg001,atlasv2/benign-h2-seg001,0,44,atlasv2/h2-benign-seg001,atlasv2/benign-h2-seg001,0
item_1c6cef386fdb,ATLASv2 held-out-family,Prefix-Only,13,atlasv2/h2-benign-seg033,atlasv2/benign-h2-seg033,0,0.0002955096715595573,45.0,7,416,atlasv2/h2-m1,atlasv2/m1,0,46,atlasv2/h2-benign-seg001,atlasv2/benign-h2-seg001,0,15,atlasv2/h2-benign-seg000,atlasv2/benign-h2-seg000,0,48,atlasv2/h2-benign-seg001,atlasv2/benign-h2-seg001,0,44,atlasv2/h2-benign-seg001,atlasv2/benign-h2-seg001,0
item_b64cf0fe761f,ATLASv2 held-out-family,Prefix-Only,14,atlasv2/h2-benign-seg033,atlasv2/benign-h2-seg033,0,0.0002955096715595573,45.0,7,416,atlasv2/h2-m1,atlasv2/m1,0,46,atlasv2/h2-benign-seg001,atlasv2/benign-h2-seg001,0,15,atlasv2/h2-benign-seg000,atlasv2/benign-h2-seg000,0,48,atlasv2/h2-benign-seg001,atlasv2/benign-h2-seg001,0,44,atlasv2/h2-benign-seg001,atlasv2/benign-h2-seg001,0
item_74e35f43ee56,ATLASv2 held-out-family,Prefix-Only,15,atlasv2/h2-benign-seg033,atlasv2/benign-h2-seg033,0,0.0002955096715595573,45.0,7,416,atlasv2/h2-m1,atlasv2/m1,0,46,atlasv2/h2-benign-seg001,atlasv2/benign-h2-seg001,0,15,atlasv2/h2-benign-seg000,atlasv2/benign-h2-seg000,0,48,atlasv2/h2-benign-seg001,atlasv2/benign-h2-seg001,0,44,atlasv2/h2-benign-seg001,atlasv2/benign-h2-seg001,0
item_9dd5c151f636,ATLASv2 held-out-family,Prefix-Only,33,atlasv2/h2-benign-seg034,atlasv2/benign-h2-seg034,0,0.005363405682146549,45.0,7,431,atlasv2/h2-m2,atlasv2/m2,0,432,atlasv2/h2-m2,atlasv2/m2,0,424,atlasv2/h2-m1,atlasv2/m1,0,396,atlasv2/h2-m1,atlasv2/m1,0,393,atlasv2/h2-m1,atlasv2/m1,0
item_927dd1585641,ATLASv2 held-out-family,Prefix-Only,54,atlasv2/h2-benign-seg035,atlasv2/benign-h2-seg035,0,0.0002958764089271426,45.0,7,329,atlasv2/h2-benign-seg018,atlasv2/benign-h2-seg018,0,313,atlasv2/h2-benign-seg018,atlasv2/benign-h2-seg018,0,436,atlasv2/h2-m2,atlasv2/m2,0,60,atlasv2/h2-benign-seg001,atlasv2/benign-h2-seg001,0,18,atlasv2/h2-benign-seg000,atlasv2/benign-h2-seg000,0
item_2fc49be5cd67,ATLASv2 held-out-family,Prefix-Only,17,atlasv2/h2-benign-seg033,atlasv2/benign-h2-seg033,0,0.0002955096715595573,45.0,7,416,atlasv2/h2-m1,atlasv2/m1,0,46,atlasv2/h2-benign-seg001,atlasv2/benign-h2-seg001,0,15,atlasv2/h2-benign-seg000,atlasv2/benign-h2-seg000,0,48,atlasv2/h2-benign-seg001,atlasv2/benign-h2-seg001,0,44,atlasv2/h2-benign-seg001,atlasv2/benign-h2-seg001,0
item_6ec9b60bbdff,ATLASv2 held-out-family,Prefix-Only,21,atlasv2/h2-benign-seg033,atlasv2/benign-h2-seg033,0,0.0002955096715595573,45.0,7,416,atlasv2/h2-m1,atlasv2/m1,0,46,atlasv2/h2-benign-seg001,atlasv2/benign-h2-seg001,0,15,atlasv2/h2-benign-seg000,atlasv2/benign-h2-seg000,0,48,atlasv2/h2-benign-seg001,atlasv2/benign-h2-seg001,0,44,atlasv2/h2-benign-seg001,atlasv2/benign-h2-seg001,0
item_c23799369724,ATLASv2 held-out-family,Prefix-Only,46,atlasv2/h2-benign-seg034,atlasv2/benign-h2-seg034,0,0.0002955096715595573,45.0,7,416,atlasv2/h2-m1,atlasv2/m1,0,46,atlasv2/h2-benign-seg001,atlasv2/benign-h2-seg001,0,15,atlasv2/h2-benign-seg000,atlasv2/benign-h2-seg000,0,48,atlasv2/h2-benign-seg001,atlasv2/benign-h2-seg001,0,44,atlasv2/h2-benign-seg001,atlasv2/benign-h2-seg001,0
item_ff20821d5ead,ATLASv2 held-out-family,Prefix-Only,5,atlasv2/h2-benign-seg033,atlasv2/benign-h2-seg033,0,0.0003046118072234094,45.0,7,213,atlasv2/h2-benign-seg009,atlasv2/benign-h2-seg009,0,197,atlasv2/h2-benign-seg009,atlasv2/benign-h2-seg009,0,293,atlasv2/h2-benign-seg018,atlasv2/benign-h2-seg018,0,388,atlasv2/h2-m1,atlasv2/m1,0,283,atlasv2/h2-benign-seg017,atlasv2/benign-h2-seg017,0
item_7627895428cd,ATLASv2 held-out-family,Prefix-Only,1,atlasv2/h2-benign-seg033,atlasv2/benign-h2-seg033,0,0.0004166648432146758,45.0,7,384,atlasv2/h2-m1,atlasv2/m1,0,191,atlasv2/h2-benign-seg009,atlasv2/benign-h2-seg009,0,400,atlasv2/h2-m1,atlasv2/m1,0,398,atlasv2/h2-m1,atlasv2/m1,0,309,atlasv2/h2-benign-seg018,atlasv2/benign-h2-seg018,0
item_a0e46d574fca,ATLASv2 held-out-family,Prefix-Only,11,atlasv2/h2-benign-seg033,atlasv2/benign-h2-seg033,0,0.0003233076131436974,45.0,7,386,atlasv2/h2-m1,atlasv2/m1,0,385,atlasv2/h2-m1,atlasv2/m1,0,311,atlasv2/h2-benign-seg018,atlasv2/benign-h2-seg018,0,143,atlasv2/h2-benign-seg002,atlasv2/benign-h2-seg002,0,145,atlasv2/h2-benign-seg002,atlasv2/benign-h2-seg002,0
item_fd60a6473372,ATLASv2 held-out-family,Prefix-Only,7,atlasv2/h2-benign-seg033,atlasv2/benign-h2-seg033,0,0.00042077229591086507,45.0,7,390,atlasv2/h2-m1,atlasv2/m1,0,305,atlasv2/h2-benign-seg018,atlasv2/benign-h2-seg018,0,303,atlasv2/h2-benign-seg018,atlasv2/benign-h2-seg018,0,217,atlasv2/h2-benign-seg010,atlasv2/benign-h2-seg010,0,275,atlasv2/h2-benign-seg017,atlasv2/benign-h2-seg017,0
item_a30c27af3621,ATLASv2 held-out-family,Prefix-Only,29,atlasv2/h2-benign-seg033,atlasv2/benign-h2-seg033,0,0.0002955096715595573,45.0,7,416,atlasv2/h2-m1,atlasv2/m1,0,46,atlasv2/h2-benign-seg001,atlasv2/benign-h2-seg001,0,15,atlasv2/h2-benign-seg000,atlasv2/benign-h2-seg000,0,48,atlasv2/h2-benign-seg001,atlasv2/benign-h2-seg001,0,44,atlasv2/h2-benign-seg001,atlasv2/benign-h2-seg001,0
item_7edae499375e,ATLASv2 held-out-family,Prefix-Only,74,atlasv2/h1-s4,atlasv2/s4,0,0.01787858083844185,40.0,7,31,atlasv2/h1-benign-seg001,atlasv2/benign-h1-seg001,0,29,atlasv2/h1-benign-seg001,atlasv2/benign-h1-seg001,0,33,atlasv2/h1-benign-seg001,atlasv2/benign-h1-seg001,0,37,atlasv2/h1-benign-seg001,atlasv2/benign-h1-seg001,0,35,atlasv2/h1-benign-seg001,atlasv2/benign-h1-seg001,0
item_7442021e475f,ATLASv2 held-out-family,Prefix-Only,55,atlasv2/h2-benign-seg035,atlasv2/benign-h2-seg035,0,0.0002955096715595573,45.0,7,416,atlasv2/h2-m1,atlasv2/m1,0,46,atlasv2/h2-benign-seg001,atlasv2/benign-h2-seg001,0,15,atlasv2/h2-benign-seg000,atlasv2/benign-h2-seg000,0,48,atlasv2/h2-benign-seg001,atlasv2/benign-h2-seg001,0,44,atlasv2/h2-benign-seg001,atlasv2/benign-h2-seg001,0
item_2e1e62e7a668,ATLASv2 held-out-family,Prefix-Only,41,atlasv2/h2-benign-seg034,atlasv2/benign-h2-seg034,0,0.0006628828123211861,45.0,7,147,atlasv2/h2-benign-seg002,atlasv2/benign-h2-seg002,0,319,atlasv2/h2-benign-seg018,atlasv2/benign-h2-seg018,0,268,atlasv2/h2-benign-seg016,atlasv2/benign-h2-seg016,0,76,atlasv2/h2-benign-seg001,atlasv2/benign-h2-seg001,0,25,atlasv2/h2-benign-seg000,atlasv2/benign-h2-seg000,0
item_18a9e7c03688,ATLASv2 held-out-family,Prefix-Only,72,atlasv2/h1-benign-seg035,atlasv2/benign-h1-seg035,0,0.01787858083844185,45.0,7,31,atlasv2/h1-benign-seg001,atlasv2/benign-h1-seg001,0,29,atlasv2/h1-benign-seg001,atlasv2/benign-h1-seg001,0,33,atlasv2/h1-benign-seg001,atlasv2/benign-h1-seg001,0,37,atlasv2/h1-benign-seg001,atlasv2/benign-h1-seg001,0,35,atlasv2/h1-benign-seg001,atlasv2/benign-h1-seg001,0
item_a3f5a826d986,AIT-ADS chronology,TRACER route,4575,aitads/wheeler-aminer,aitads/wheeler,1,0.6117509603500366,15.0,7,5550,aitads/fox-aminer,aitads/fox,1,3862,aitads/santos-aminer,aitads/santos,0,5542,aitads/fox-aminer,aitads/fox,0,4966,aitads/fox-aminer,aitads/fox,0,3814,aitads/santos-aminer,aitads/santos,1
item_8f23b6685077,AIT-ADS chronology,TRACER route,3711,aitads/shaw-wazuh,aitads/shaw,1,0.47732147574424744,25.0,7,4470,aitads/fox-wazuh,aitads/fox,1,4446,aitads/fox-wazuh,aitads/fox,0,4542,aitads/fox-wazuh,aitads/fox,0,4763,aitads/fox-wazuh,aitads/fox,1,4572,aitads/fox-wazuh,aitads/fox,0
item_feaeaabd3129,AIT-ADS chronology,TRACER route,3885,aitads/shaw-wazuh,aitads/shaw,1,0.670861542224884,15.0,7,3714,aitads/santos-aminer,aitads/santos,0,3666,aitads/santos-aminer,aitads/santos,0,3762,aitads/santos-aminer,aitads/santos,1,3826,aitads/santos-aminer,aitads/santos,1,3786,aitads/santos-aminer,aitads/santos,1
item_08075401efa5,AIT-ADS chronology,TRACER route,4573,aitads/wheeler-aminer,aitads/wheeler,1,0.6811519265174866,20.0,7,4782,aitads/fox-aminer,aitads/fox,1,4594,aitads/fox-aminer,aitads/fox,0,4529,aitads/fox-aminer,aitads/fox,1,4690,aitads/fox-aminer,aitads/fox,1,4553,aitads/fox-aminer,aitads/fox,1
item_b9cdc8407fd6,AIT-ADS chronology,TRACER route,3789,aitads/shaw-wazuh,aitads/shaw,1,0.8302096128463745,15.0,7,5198,aitads/fox-aminer,aitads/fox,1,5194,aitads/fox-aminer,aitads/fox,1,5406,aitads/fox-aminer,aitads/fox,1,5523,aitads/fox-wazuh,aitads/fox,1,5519,aitads/fox-wazuh,aitads/fox,1
item_6661fc5a7462,AIT-ADS chronology,TRACER route,3055,aitads/wheeler-aminer,aitads/wheeler,1,0.08953727036714554,10.0,7,9099,aitads/russellmitchell-aminer,aitads/russellmitchell,0,9098,aitads/russellmitchell-aminer,aitads/russellmitchell,0,9100,aitads/russellmitchell-aminer,aitads/russellmitchell,1,9102,aitads/russellmitchell-aminer,aitads/russellmitchell,1,9101,aitads/russellmitchell-aminer,aitads/russellmitchell,1
item_fdb05869b050,AIT-ADS chronology,TRACER route,3708,aitads/shaw-wazuh,aitads/shaw,1,0.08953727036714554,5.0,7,9099,aitads/russellmitchell-aminer,aitads/russellmitchell,0,9098,aitads/russellmitchell-aminer,aitads/russellmitchell,0,9100,aitads/russellmitchell-aminer,aitads/russellmitchell,1,9102,aitads/russellmitchell-aminer,aitads/russellmitchell,1,9101,aitads/russellmitchell-aminer,aitads/russellmitchell,1
item_60174a21d9d8,AIT-ADS chronology,TRACER route,2775,aitads/shaw-wazuh,aitads/shaw,1,0.03317628800868988,25.0,7,4895,aitads/fox-wazuh,aitads/fox,0,3771,aitads/santos-wazuh,aitads/santos,0,4328,aitads/fox-wazuh,aitads/fox,0,4500,aitads/fox-wazuh,aitads/fox,0,4799,aitads/fox-wazuh,aitads/fox,0
item_d59ef854a348,AIT-ADS chronology,TRACER route,4432,aitads/wheeler-aminer,aitads/wheeler,1,0.6722286343574524,5.0,7,3710,aitads/santos-aminer,aitads/santos,0,3662,aitads/santos-aminer,aitads/santos,0,3758,aitads/santos-aminer,aitads/santos,1,3806,aitads/santos-aminer,aitads/santos,1,3782,aitads/santos-aminer,aitads/santos,1
item_b608c80fd76d,AIT-ADS chronology,TRACER route,4570,aitads/wheeler-aminer,aitads/wheeler,1,0.5868199467658997,25.0,7,4778,aitads/fox-aminer,aitads/fox,1,3946,aitads/santos-aminer,aitads/santos,0,4590,aitads/fox-aminer,aitads/fox,0,4551,aitads/fox-aminer,aitads/fox,1,4527,aitads/fox-aminer,aitads/fox,1
item_2b1637a307a8,AIT-ADS chronology,TRACER route,3804,aitads/shaw-wazuh,aitads/shaw,1,0.604864776134491,30.0,7,3928,aitads/santos-aminer,aitads/santos,1,3918,aitads/santos-aminer,aitads/santos,1,4533,aitads/fox-aminer,aitads/fox,0,4698,aitads/fox-aminer,aitads/fox,1,4650,aitads/fox-aminer,aitads/fox,0
item_ff7ab197eb99,AIT-ADS chronology,TRACER route,2760,aitads/shaw-wazuh,aitads/shaw,1,0.0054992190562188625,5.0,7,7116,aitads/wardbeck-wazuh,aitads/wardbeck,0,6396,aitads/wardbeck-wazuh,aitads/wardbeck,0,7152,aitads/wardbeck-wazuh,aitads/wardbeck,0,7224,aitads/wardbeck-wazuh,aitads/wardbeck,0,7188,aitads/wardbeck-wazuh,aitads/wardbeck,0
item_4315395dbc8d,AIT-ADS chronology,TRACER route,4564,aitads/wheeler-aminer,aitads/wheeler,1,0.08953727036714554,5.0,7,9099,aitads/russellmitchell-aminer,aitads/russellmitchell,0,9098,aitads/russellmitchell-aminer,aitads/russellmitchell,0,9100,aitads/russellmitchell-aminer,aitads/russellmitchell,1,9102,aitads/russellmitchell-aminer,aitads/russellmitchell,1,9101,aitads/russellmitchell-aminer,aitads/russellmitchell,1
item_86d70a135b74,AIT-ADS chronology,TRACER route,3819,aitads/shaw-wazuh,aitads/shaw,1,0.08953727036714554,5.0,7,9099,aitads/russellmitchell-aminer,aitads/russellmitchell,0,9098,aitads/russellmitchell-aminer,aitads/russellmitchell,0,9100,aitads/russellmitchell-aminer,aitads/russellmitchell,1,9102,aitads/russellmitchell-aminer,aitads/russellmitchell,1,9101,aitads/russellmitchell-aminer,aitads/russellmitchell,1
item_2d1fb84f0b3c,AIT-ADS chronology,TRACER route,3642,aitads/shaw-wazuh,aitads/shaw,1,0.8366764783859253,20.0,7,4731,aitads/fox-wazuh,aitads/fox,1,4639,aitads/fox-wazuh,aitads/fox,1,4635,aitads/fox-wazuh,aitads/fox,1,5499,aitads/fox-wazuh,aitads/fox,1,5495,aitads/fox-wazuh,aitads/fox,1
item_b1d8800900ca,AIT-ADS chronology,TRACER route,4489,aitads/wheeler-aminer,aitads/wheeler,1,0.6048101782798767,15.0,7,3706,aitads/santos-aminer,aitads/santos,0,3658,aitads/santos-aminer,aitads/santos,0,3754,aitads/santos-aminer,aitads/santos,1,3802,aitads/santos-aminer,aitads/santos,1,3770,aitads/santos-aminer,aitads/santos,0
item_5f8cc2b53b36,AIT-ADS chronology,TRACER route,3645,aitads/shaw-wazuh,aitads/shaw,1,0.8348637819290161,15.0,7,4731,aitads/fox-wazuh,aitads/fox,1,4639,aitads/fox-wazuh,aitads/fox,1,4635,aitads/fox-wazuh,aitads/fox,1,5499,aitads/fox-wazuh,aitads/fox,1,5495,aitads/fox-wazuh,aitads/fox,1
item_542a82907886,AIT-ADS chronology,TRACER route,3648,aitads/shaw-wazuh,aitads/shaw,1,0.8333374261856079,10.0,7,5499,aitads/fox-wazuh,aitads/fox,1,4731,aitads/fox-wazuh,aitads/fox,1,4639,aitads/fox-wazuh,aitads/fox,1,4635,aitads/fox-wazuh,aitads/fox,1,5495,aitads/fox-wazuh,aitads/fox,1
item_4ee584bf6c49,AIT-ADS chronology,TRACER route,3738,aitads/shaw-wazuh,aitads/shaw,1,0.8116437196731567,10.0,7,5402,aitads/fox-aminer,aitads/fox,1,5567,aitads/fox-wazuh,aitads/fox,1,5639,aitads/fox-wazuh,aitads/fox,1,5643,aitads/fox-wazuh,aitads/fox,1,5571,aitads/fox-wazuh,aitads/fox,1
item_aa942dfdb748,AIT-ADS chronology,TRACER route,4381,aitads/wheeler-aminer,aitads/wheeler,0,0.7879546880722046,55.0,7,5402,aitads/fox-aminer,aitads/fox,1,5198,aitads/fox-aminer,aitads/fox,1,5523,aitads/fox-wazuh,aitads/fox,1,5567,aitads/fox-wazuh,aitads/fox,1,5194,aitads/fox-aminer,aitads/fox,1
item_c7ac657cdd17,AIT-ADS chronology,TRACER route,3702,aitads/shaw-wazuh,aitads/shaw,1,0.7752969861030579,15.0,7,3914,aitads/santos-aminer,aitads/santos,1,4662,aitads/fox-aminer,aitads/fox,1,3818,aitads/santos-aminer,aitads/santos,1,4738,aitads/fox-aminer,aitads/fox,1,4642,aitads/fox-aminer,aitads/fox,1
item_b0eb6fc76320,AIT-ADS chronology,TRACER route,3774,aitads/shaw-wazuh,aitads/shaw,1,0.7752969861030579,15.0,7,3914,aitads/santos-aminer,aitads/santos,1,4662,aitads/fox-aminer,aitads/fox,1,3818,aitads/santos-aminer,aitads/santos,1,4738,aitads/fox-aminer,aitads/fox,1,4642,aitads/fox-aminer,aitads/fox,1
item_8ed7cc0b7e17,AIT-ADS chronology,TRACER route,3810,aitads/shaw-wazuh,aitads/shaw,1,0.7752969861030579,20.0,7,3914,aitads/santos-aminer,aitads/santos,1,4662,aitads/fox-aminer,aitads/fox,1,3818,aitads/santos-aminer,aitads/santos,1,4738,aitads/fox-aminer,aitads/fox,1,4642,aitads/fox-aminer,aitads/fox,1
item_bd6147908fe3,AIT-ADS chronology,TRACER route,3846,aitads/shaw-wazuh,aitads/shaw,1,0.7752969861030579,20.0,7,3914,aitads/santos-aminer,aitads/santos,1,4662,aitads/fox-aminer,aitads/fox,1,3818,aitads/santos-aminer,aitads/santos,1,4738,aitads/fox-aminer,aitads/fox,1,4642,aitads/fox-aminer,aitads/fox,1
item_cce70d903ba5,AIT-ADS chronology,TRACER route,3882,aitads/shaw-wazuh,aitads/shaw,1,0.7752969861030579,20.0,7,3914,aitads/santos-aminer,aitads/santos,1,4662,aitads/fox-aminer,aitads/fox,1,3818,aitads/santos-aminer,aitads/santos,1,4738,aitads/fox-aminer,aitads/fox,1,4642,aitads/fox-aminer,aitads/fox,1
item_b6bf55d22219,AIT-ADS chronology,TRACER route,3918,aitads/shaw-wazuh,aitads/shaw,1,0.7752969861030579,5.0,7,3914,aitads/santos-aminer,aitads/santos,1,4662,aitads/fox-aminer,aitads/fox,1,3818,aitads/santos-aminer,aitads/santos,1,4738,aitads/fox-aminer,aitads/fox,1,4642,aitads/fox-aminer,aitads/fox,1
item_be3b784fe046,AIT-ADS chronology,TRACER route,3954,aitads/shaw-wazuh,aitads/shaw,1,0.7752969861030579,5.0,7,3914,aitads/santos-aminer,aitads/santos,1,4662,aitads/fox-aminer,aitads/fox,1,3818,aitads/santos-aminer,aitads/santos,1,4738,aitads/fox-aminer,aitads/fox,1,4642,aitads/fox-aminer,aitads/fox,1
item_472ad8098d7d,AIT-ADS chronology,TRACER route,4006,aitads/wheeler-aminer,aitads/wheeler,1,0.7623924016952515,15.0,7,4269,aitads/fox-aminer,aitads/fox,1,4280,aitads/fox-wazuh,aitads/fox,1,4267,aitads/fox-aminer,aitads/fox,1,4278,aitads/fox-wazuh,aitads/fox,1,4276,aitads/fox-wazuh,aitads/fox,1
item_1be6dbfba25d,AIT-ADS chronology,TRACER route,4506,aitads/shaw-wazuh,aitads/shaw,0,0.7623616456985474,50.0,7,4723,aitads/fox-wazuh,aitads/fox,1,5399,aitads/fox-wazuh,aitads/fox,1,5599,aitads/fox-wazuh,aitads/fox,1,5603,aitads/fox-wazuh,aitads/fox,1,4442,aitads/fox-wazuh,aitads/fox,1
item_f8d137a972db,AIT-ADS chronology,TRACER route,3681,aitads/shaw-wazuh,aitads/shaw,1,0.7559462785720825,15.0,7,4450,aitads/fox-wazuh,aitads/fox,1,3883,aitads/santos-wazuh,aitads/santos,0,4474,aitads/fox-wazuh,aitads/fox,1,4675,aitads/fox-wazuh,aitads/fox,1,4546,aitads/fox-wazuh,aitads/fox,1
item_e7e7c5efa619,AIT-ADS chronology,TRACER route,3717,aitads/shaw-wazuh,aitads/shaw,1,0.7559462785720825,15.0,7,4450,aitads/fox-wazuh,aitads/fox,1,3883,aitads/santos-wazuh,aitads/santos,0,4474,aitads/fox-wazuh,aitads/fox,1,4675,aitads/fox-wazuh,aitads/fox,1,4546,aitads/fox-wazuh,aitads/fox,1
item_a32679b42b9f,AIT-ADS chronology,TRACER route,3828,aitads/shaw-wazuh,aitads/shaw,1,0.7559462785720825,10.0,7,4450,aitads/fox-wazuh,aitads/fox,1,3883,aitads/santos-wazuh,aitads/santos,0,4474,aitads/fox-wazuh,aitads/fox,1,4675,aitads/fox-wazuh,aitads/fox,1,4546,aitads/fox-wazuh,aitads/fox,1
item_00a393875e28,AIT-ADS chronology,TRACER route,3464,aitads/wheeler-wazuh,aitads/wheeler,0,0.013217677362263203,920.0,7,1111,aitads/santos-wazuh,aitads/santos,0,1107,aitads/santos-wazuh,aitads/santos,0,175,aitads/santos-wazuh,aitads/santos,0,1115,aitads/santos-wazuh,aitads/santos,0,319,aitads/santos-wazuh,aitads/santos,0
item_c7a7a0420cb4,AIT-ADS chronology,TRACER route,2297,aitads/wheeler-wazuh,aitads/wheeler,0,0.013212330639362335,1275.0,7,1111,aitads/santos-wazuh,aitads/santos,0,6687,aitads/wardbeck-wazuh,aitads/wardbeck,0,1107,aitads/santos-wazuh,aitads/santos,0,175,aitads/santos-wazuh,aitads/santos,0,1115,aitads/santos-wazuh,aitads/santos,0
item_00ca252a9b95,AIT-ADS chronology,TRACER route,4280,aitads/wheeler-wazuh,aitads/wheeler,0,0.013212025165557861,155.0,7,1111,aitads/santos-wazuh,aitads/santos,0,1107,aitads/santos-wazuh,aitads/santos,0,175,aitads/santos-wazuh,aitads/santos,0,967,aitads/santos-wazuh,aitads/santos,0,319,aitads/santos-wazuh,aitads/santos,0
item_9004a4389dad,AIT-ADS chronology,TRACER route,4268,aitads/wheeler-wazuh,aitads/wheeler,0,0.013210097327828407,175.0,7,6834,aitads/wardbeck-wazuh,aitads/wardbeck,0,6687,aitads/wardbeck-wazuh,aitads/wardbeck,0,6049,aitads/wardbeck-wazuh,aitads/wardbeck,0,1149,aitads/fox-wazuh,aitads/fox,0,8403,aitads/wardbeck-wazuh,aitads/wardbeck,0
item_cafaff08dcdb,AIT-ADS chronology,TRACER route,848,aitads/wheeler-wazuh,aitads/wheeler,0,0.013225453905761242,3690.0,7,1111,aitads/santos-wazuh,aitads/santos,0,1107,aitads/santos-wazuh,aitads/santos,0,175,aitads/santos-wazuh,aitads/santos,0,1115,aitads/santos-wazuh,aitads/santos,0,6687,aitads/wardbeck-wazuh,aitads/wardbeck,0
item_aa9fb123bb40,AIT-ADS chronology,TRACER route,4112,aitads/wheeler-wazuh,aitads/wheeler,0,0.013209358789026737,435.0,7,1107,aitads/santos-wazuh,aitads/santos,0,1111,aitads/santos-wazuh,aitads/santos,0,1103,aitads/santos-wazuh,aitads/santos,0,319,aitads/santos-wazuh,aitads/santos,0,1115,aitads/santos-wazuh,aitads/santos,0
item_eb6be23afe06,AIT-ADS chronology,TRACER route,509,aitads/wheeler-wazuh,aitads/wheeler,0,0.013208650052547455,4255.0,7,1111,aitads/santos-wazuh,aitads/santos,0,175,aitads/santos-wazuh,aitads/santos,0,6687,aitads/wardbeck-wazuh,aitads/wardbeck,0,1115,aitads/santos-wazuh,aitads/santos,0,1107,aitads/santos-wazuh,aitads/santos,0
item_9c28a71fba3c,AIT-ADS chronology,TRACER route,3380,aitads/wheeler-wazuh,aitads/wheeler,0,0.013207344338297844,1060.0,7,1107,aitads/santos-wazuh,aitads/santos,0,1103,aitads/santos-wazuh,aitads/santos,0,1111,aitads/santos-wazuh,aitads/santos,0,319,aitads/santos-wazuh,aitads/santos,0,967,aitads/santos-wazuh,aitads/santos,0
item_30fa6641cf68,AIT-ADS chronology,TRACER route,4339,aitads/wheeler-aminer,aitads/wheeler,0,0.08953727036714554,55.0,7,9099,aitads/russellmitchell-aminer,aitads/russellmitchell,0,9098,aitads/russellmitchell-aminer,aitads/russellmitchell,0,9100,aitads/russellmitchell-aminer,aitads/russellmitchell,1,9102,aitads/russellmitchell-aminer,aitads/russellmitchell,1,9101,aitads/russellmitchell-aminer,aitads/russellmitchell,1
item_3249c3b83ace,AIT-ADS chronology,TRACER route,2301,aitads/shaw-wazuh,aitads/shaw,0,0.011921962723135948,770.0,7,5385,aitads/wardbeck-wazuh,aitads/wardbeck,0,5093,aitads/wardbeck-wazuh,aitads/wardbeck,0,7470,aitads/wardbeck-wazuh,aitads/wardbeck,0,6061,aitads/wardbeck-wazuh,aitads/wardbeck,0,1285,aitads/fox-wazuh,aitads/fox,0
item_577c40ce48bc,AIT-ADS chronology,TRACER route,2378,aitads/wheeler-wazuh,aitads/wheeler,0,0.012708173133432865,1140.0,7,935,aitads/santos-wazuh,aitads/santos,0,1039,aitads/santos-wazuh,aitads/santos,0,319,aitads/santos-wazuh,aitads/santos,0,1047,aitads/santos-wazuh,aitads/santos,0,967,aitads/santos-wazuh,aitads/santos,0
item_23b6ceca756d,AIT-ADS chronology,TRACER route,2466,aitads/shaw-wazuh,aitads/shaw,0,0.009606961160898209,495.0,7,2253,aitads/fox-wazuh,aitads/fox,0,2121,aitads/fox-wazuh,aitads/fox,0,2117,aitads/fox-wazuh,aitads/fox,0,977,aitads/fox-wazuh,aitads/fox,0,3465,aitads/fox-wazuh,aitads/fox,0
item_bf688e85aeb0,AIT-ADS chronology,TRACER route,3290,aitads/wheeler-wazuh,aitads/wheeler,0,0.013620752841234207,1210.0,7,1103,aitads/santos-wazuh,aitads/santos,0,1107,aitads/santos-wazuh,aitads/santos,0,1111,aitads/santos-wazuh,aitads/santos,0,6051,aitads/wardbeck-wazuh,aitads/wardbeck,0,1005,aitads/fox-wazuh,aitads/fox,0
item_dba115d62ea0,AIT-ADS chronology,TRACER route,1876,aitads/wheeler-aminer,aitads/wheeler,0,0.08953727036714554,1975.0,7,9099,aitads/russellmitchell-aminer,aitads/russellmitchell,0,9098,aitads/russellmitchell-aminer,aitads/russellmitchell,0,9100,aitads/russellmitchell-aminer,aitads/russellmitchell,1,9102,aitads/russellmitchell-aminer,aitads/russellmitchell,1,9101,aitads/russellmitchell-aminer,aitads/russellmitchell,1
item_ace5c57f91f2,AIT-ADS chronology,TRACER route,1689,aitads/shaw-wazuh,aitads/shaw,0,0.008926747366786003,1790.0,7,4230,aitads/fox-wazuh,aitads/fox,0,1221,aitads/fox-wazuh,aitads/fox,0,4178,aitads/fox-wazuh,aitads/fox,0,5017,aitads/wardbeck-wazuh,aitads/wardbeck,0,3385,aitads/fox-wazuh,aitads/fox,0
item_cce41a7505f3,AIT-ADS chronology,TRACER route,2139,aitads/shaw-wazuh,aitads/shaw,0,0.08953727036714554,1040.0,7,9099,aitads/russellmitchell-aminer,aitads/russellmitchell,0,9098,aitads/russellmitchell-aminer,aitads/russellmitchell,0,9100,aitads/russellmitchell-aminer,aitads/russellmitchell,1,9102,aitads/russellmitchell-aminer,aitads/russellmitchell,1,9101,aitads/russellmitchell-aminer,aitads/russellmitchell,1
item_b704fe52172b,AIT-ADS chronology,TRACER route,4156,aitads/wheeler-aminer,aitads/wheeler,0,0.08953727036714554,360.0,7,9099,aitads/russellmitchell-aminer,aitads/russellmitchell,0,9098,aitads/russellmitchell-aminer,aitads/russellmitchell,0,9100,aitads/russellmitchell-aminer,aitads/russellmitchell,1,9102,aitads/russellmitchell-aminer,aitads/russellmitchell,1,9101,aitads/russellmitchell-aminer,aitads/russellmitchell,1
item_06e439943bbf,AIT-ADS chronology,TRACER route,2037,aitads/shaw-wazuh,aitads/shaw,0,0.005637729074805975,1210.0,7,2985,aitads/fox-wazuh,aitads/fox,0,4713,aitads/wardbeck-wazuh,aitads/wardbeck,0,8097,aitads/wardbeck-wazuh,aitads/wardbeck,0,7230,aitads/wardbeck-wazuh,aitads/wardbeck,0,3021,aitads/fox-wazuh,aitads/fox,0
item_fae6a8be911d,AIT-ADS chronology,Prefix-Only,4575,aitads/wheeler-aminer,aitads/wheeler,1,0.24324242770671844,15.0,7,4734,aitads/fox-aminer,aitads/fox,1,5550,aitads/fox-aminer,aitads/fox,1,8679,aitads/wardbeck-wazuh,aitads/wardbeck,0,3906,aitads/santos-aminer,aitads/santos,1,8688,aitads/wardbeck-wazuh,aitads/wardbeck,0
item_23fd9aa711a7,AIT-ADS chronology,Prefix-Only,3711,aitads/shaw-wazuh,aitads/shaw,1,0.5109765529632568,25.0,7,4470,aitads/fox-wazuh,aitads/fox,1,4446,aitads/fox-wazuh,aitads/fox,0,4542,aitads/fox-wazuh,aitads/fox,0,4763,aitads/fox-wazuh,aitads/fox,1,4572,aitads/fox-wazuh,aitads/fox,0
item_c4eadc301fb3,AIT-ADS chronology,Prefix-Only,3885,aitads/shaw-wazuh,aitads/shaw,1,0.7577322125434875,15.0,7,3714,aitads/santos-aminer,aitads/santos,0,3666,aitads/santos-aminer,aitads/santos,0,3762,aitads/santos-aminer,aitads/santos,1,3826,aitads/santos-aminer,aitads/santos,1,3786,aitads/santos-aminer,aitads/santos,1
item_860728671985,AIT-ADS chronology,Prefix-Only,4573,aitads/wheeler-aminer,aitads/wheeler,1,0.685081422328949,20.0,7,4782,aitads/fox-aminer,aitads/fox,1,3943,aitads/santos-aminer,aitads/santos,1,5406,aitads/fox-aminer,aitads/fox,1,4553,aitads/fox-aminer,aitads/fox,1,4529,aitads/fox-aminer,aitads/fox,1
item_a4f688ce2d90,AIT-ADS chronology,Prefix-Only,3789,aitads/shaw-wazuh,aitads/shaw,1,0.6878621578216553,15.0,7,4583,aitads/fox-wazuh,aitads/fox,1,5639,aitads/fox-wazuh,aitads/fox,1,5198,aitads/fox-aminer,aitads/fox,1,5523,aitads/fox-wazuh,aitads/fox,1,3879,aitads/santos-wazuh,aitads/santos,0
item_3dda694e921e,AIT-ADS chronology,Prefix-Only,3055,aitads/wheeler-aminer,aitads/wheeler,1,0.12192627787590027,10.0,7,9099,aitads/russellmitchell-aminer,aitads/russellmitchell,0,9098,aitads/russellmitchell-aminer,aitads/russellmitchell,0,9100,aitads/russellmitchell-aminer,aitads/russellmitchell,1,9102,aitads/russellmitchell-aminer,aitads/russellmitchell,1,9101,aitads/russellmitchell-aminer,aitads/russellmitchell,1
item_1fa685d4993f,AIT-ADS chronology,Prefix-Only,3708,aitads/shaw-wazuh,aitads/shaw,1,0.12192627787590027,5.0,7,9099,aitads/russellmitchell-aminer,aitads/russellmitchell,0,9098,aitads/russellmitchell-aminer,aitads/russellmitchell,0,9100,aitads/russellmitchell-aminer,aitads/russellmitchell,1,9102,aitads/russellmitchell-aminer,aitads/russellmitchell,1,9101,aitads/russellmitchell-aminer,aitads/russellmitchell,1
item_9290160bb4f8,AIT-ADS chronology,Prefix-Only,2775,aitads/shaw-wazuh,aitads/shaw,1,0.0614883154630661,25.0,7,8505,aitads/wardbeck-wazuh,aitads/wardbeck,0,2051,aitads/santos-wazuh,aitads/santos,0,5419,aitads/fox-wazuh,aitads/fox,0,4412,aitads/fox-wazuh,aitads/fox,0,5243,aitads/fox-wazuh,aitads/fox,0
item_f268152795b9,AIT-ADS chronology,Prefix-Only,4432,aitads/wheeler-aminer,aitads/wheeler,1,0.7696919441223145,5.0,7,3710,aitads/santos-aminer,aitads/santos,0,3662,aitads/santos-aminer,aitads/santos,0,3758,aitads/santos-aminer,aitads/santos,1,3806,aitads/santos-aminer,aitads/santos,1,3782,aitads/santos-aminer,aitads/santos,1
item_7a9ad472eecb,AIT-ADS chronology,Prefix-Only,4570,aitads/wheeler-aminer,aitads/wheeler,1,0.3707651197910309,25.0,7,4778,aitads/fox-aminer,aitads/fox,1,4291,aitads/fox-aminer,aitads/fox,0,3862,aitads/santos-aminer,aitads/santos,0,4551,aitads/fox-aminer,aitads/fox,1,4527,aitads/fox-aminer,aitads/fox,1
item_c018e38e1eb0,AIT-ADS chronology,Prefix-Only,3804,aitads/shaw-wazuh,aitads/shaw,1,0.232130765914917,30.0,7,4467,aitads/fox-aminer,aitads/fox,1,3955,aitads/santos-aminer,aitads/santos,0,4539,aitads/fox-aminer,aitads/fox,1,4758,aitads/fox-aminer,aitads/fox,1,4710,aitads/fox-aminer,aitads/fox,1
item_96d133e27eb4,AIT-ADS chronology,Prefix-Only,2760,aitads/shaw-wazuh,aitads/shaw,1,0.0014991586795076728,5.0,7,7116,aitads/wardbeck-wazuh,aitads/wardbeck,0,6396,aitads/wardbeck-wazuh,aitads/wardbeck,0,7152,aitads/wardbeck-wazuh,aitads/wardbeck,0,7224,aitads/wardbeck-wazuh,aitads/wardbeck,0,7188,aitads/wardbeck-wazuh,aitads/wardbeck,0
item_7626c9986a4b,AIT-ADS chronology,Prefix-Only,4564,aitads/wheeler-aminer,aitads/wheeler,1,0.12192627787590027,5.0,7,9099,aitads/russellmitchell-aminer,aitads/russellmitchell,0,9098,aitads/russellmitchell-aminer,aitads/russellmitchell,0,9100,aitads/russellmitchell-aminer,aitads/russellmitchell,1,9102,aitads/russellmitchell-aminer,aitads/russellmitchell,1,9101,aitads/russellmitchell-aminer,aitads/russellmitchell,1
item_cf9f56695bd0,AIT-ADS chronology,Prefix-Only,3819,aitads/shaw-wazuh,aitads/shaw,1,0.12192627787590027,5.0,7,9099,aitads/russellmitchell-aminer,aitads/russellmitchell,0,9098,aitads/russellmitchell-aminer,aitads/russellmitchell,0,9100,aitads/russellmitchell-aminer,aitads/russellmitchell,1,9102,aitads/russellmitchell-aminer,aitads/russellmitchell,1,9101,aitads/russellmitchell-aminer,aitads/russellmitchell,1
item_3358432e0f09,AIT-ADS chronology,Prefix-Only,3642,aitads/shaw-wazuh,aitads/shaw,1,0.7953013777732849,20.0,7,8798,aitads/wardbeck-aminer,aitads/wardbeck,1,8792,aitads/wardbeck-aminer,aitads/wardbeck,1,4538,aitads/fox-wazuh,aitads/fox,1,4466,aitads/fox-wazuh,aitads/fox,1,4289,aitads/fox-aminer,aitads/fox,0
item_b03479280e76,AIT-ADS chronology,Prefix-Only,4489,aitads/wheeler-aminer,aitads/wheeler,1,0.7658122181892395,15.0,7,3706,aitads/santos-aminer,aitads/santos,0,3658,aitads/santos-aminer,aitads/santos,0,3754,aitads/santos-aminer,aitads/santos,1,3802,aitads/santos-aminer,aitads/santos,1,3770,aitads/santos-aminer,aitads/santos,0
item_02d914ad9e25,AIT-ADS chronology,Prefix-Only,3645,aitads/shaw-wazuh,aitads/shaw,1,0.7968408465385437,15.0,7,8798,aitads/wardbeck-aminer,aitads/wardbeck,1,8795,aitads/wardbeck-aminer,aitads/wardbeck,1,8792,aitads/wardbeck-aminer,aitads/wardbeck,1,8759,aitads/wardbeck-aminer,aitads/wardbeck,1,8765,aitads/wardbeck-aminer,aitads/wardbeck,1
item_6e2815e35764,AIT-ADS chronology,Prefix-Only,3648,aitads/shaw-wazuh,aitads/shaw,1,0.7958049178123474,10.0,7,4538,aitads/fox-wazuh,aitads/fox,1,4466,aitads/fox-wazuh,aitads/fox,1,4566,aitads/fox-wazuh,aitads/fox,1,4755,aitads/fox-wazuh,aitads/fox,1,4707,aitads/fox-wazuh,aitads/fox,1
item_48c37a78a200,AIT-ADS chronology,Prefix-Only,3738,aitads/shaw-wazuh,aitads/shaw,1,0.6882830262184143,10.0,7,5639,aitads/fox-wazuh,aitads/fox,1,5198,aitads/fox-aminer,aitads/fox,1,5643,aitads/fox-wazuh,aitads/fox,1,5523,aitads/fox-wazuh,aitads/fox,1,5402,aitads/fox-aminer,aitads/fox,1
item_19b38928adfe,AIT-ADS chronology,Prefix-Only,4381,aitads/wheeler-aminer,aitads/wheeler,0,0.6837295889854431,55.0,7,4782,aitads/fox-aminer,aitads/fox,1,5406,aitads/fox-aminer,aitads/fox,1,3943,aitads/santos-aminer,aitads/santos,1,3940,aitads/santos-aminer,aitads/santos,1,3866,aitads/santos-aminer,aitads/santos,0
item_919dfc4884b6,AIT-ADS chronology,Prefix-Only,3702,aitads/shaw-wazuh,aitads/shaw,1,0.6365320086479187,15.0,7,4662,aitads/fox-aminer,aitads/fox,1,3914,aitads/santos-aminer,aitads/santos,1,5266,aitads/fox-aminer,aitads/fox,0,4602,aitads/fox-aminer,aitads/fox,0,4313,aitads/fox-aminer,aitads/fox,0
item_8b2cdfc2e70f,AIT-ADS chronology,Prefix-Only,3774,aitads/shaw-wazuh,aitads/shaw,1,0.6365320086479187,15.0,7,4662,aitads/fox-aminer,aitads/fox,1,3914,aitads/santos-aminer,aitads/santos,1,5266,aitads/fox-aminer,aitads/fox,0,4602,aitads/fox-aminer,aitads/fox,0,4313,aitads/fox-aminer,aitads/fox,0
item_da0e04b9f064,AIT-ADS chronology,Prefix-Only,3810,aitads/shaw-wazuh,aitads/shaw,1,0.6365320086479187,20.0,7,4662,aitads/fox-aminer,aitads/fox,1,3914,aitads/santos-aminer,aitads/santos,1,5266,aitads/fox-aminer,aitads/fox,0,4602,aitads/fox-aminer,aitads/fox,0,4313,aitads/fox-aminer,aitads/fox,0
item_07ccc632b2b7,AIT-ADS chronology,Prefix-Only,3846,aitads/shaw-wazuh,aitads/shaw,1,0.6365320086479187,20.0,7,4662,aitads/fox-aminer,aitads/fox,1,3914,aitads/santos-aminer,aitads/santos,1,5266,aitads/fox-aminer,aitads/fox,0,4602,aitads/fox-aminer,aitads/fox,0,4313,aitads/fox-aminer,aitads/fox,0
item_45cd52101c1c,AIT-ADS chronology,Prefix-Only,3882,aitads/shaw-wazuh,aitads/shaw,1,0.6365320086479187,20.0,7,4662,aitads/fox-aminer,aitads/fox,1,3914,aitads/santos-aminer,aitads/santos,1,5266,aitads/fox-aminer,aitads/fox,0,4602,aitads/fox-aminer,aitads/fox,0,4313,aitads/fox-aminer,aitads/fox,0
item_77125e5bf974,AIT-ADS chronology,Prefix-Only,3918,aitads/shaw-wazuh,aitads/shaw,1,0.6365320086479187,5.0,7,4662,aitads/fox-aminer,aitads/fox,1,3914,aitads/santos-aminer,aitads/santos,1,5266,aitads/fox-aminer,aitads/fox,0,4602,aitads/fox-aminer,aitads/fox,0,4313,aitads/fox-aminer,aitads/fox,0
item_1bcc3e1e05a1,AIT-ADS chronology,Prefix-Only,3954,aitads/shaw-wazuh,aitads/shaw,1,0.6365320086479187,5.0,7,4662,aitads/fox-aminer,aitads/fox,1,3914,aitads/santos-aminer,aitads/santos,1,5266,aitads/fox-aminer,aitads/fox,0,4602,aitads/fox-aminer,aitads/fox,0,4313,aitads/fox-aminer,aitads/fox,0
item_54d525a630bf,AIT-ADS chronology,Prefix-Only,4006,aitads/wheeler-aminer,aitads/wheeler,1,0.2927807569503784,15.0,7,4907,aitads/fox-wazuh,aitads/fox,0,5487,aitads/fox-wazuh,aitads/fox,1,3767,aitads/santos-wazuh,aitads/santos,0,4480,aitads/fox-wazuh,aitads/fox,0,4787,aitads/fox-wazuh,aitads/fox,0
item_24e575788834,AIT-ADS chronology,Prefix-Only,4506,aitads/shaw-wazuh,aitads/shaw,0,0.5685194134712219,50.0,7,4723,aitads/fox-wazuh,aitads/fox,1,3839,aitads/santos-wazuh,aitads/santos,0,4520,aitads/fox-wazuh,aitads/fox,0,3747,aitads/santos-wazuh,aitads/santos,1,4440,aitads/fox-wazuh,aitads/fox,1
item_302771a7b04d,AIT-ADS chronology,Prefix-Only,3681,aitads/shaw-wazuh,aitads/shaw,1,0.7935240864753723,15.0,7,4448,aitads/fox-wazuh,aitads/fox,0,3883,aitads/santos-wazuh,aitads/santos,0,4450,aitads/fox-wazuh,aitads/fox,1,4474,aitads/fox-wazuh,aitads/fox,1,4472,aitads/fox-wazuh,aitads/fox,1
item_60256b3a32bd,AIT-ADS chronology,Prefix-Only,3717,aitads/shaw-wazuh,aitads/shaw,1,0.7935240864753723,15.0,7,4448,aitads/fox-wazuh,aitads/fox,0,3883,aitads/santos-wazuh,aitads/santos,0,4450,aitads/fox-wazuh,aitads/fox,1,4474,aitads/fox-wazuh,aitads/fox,1,4472,aitads/fox-wazuh,aitads/fox,1
item_54172a68006d,AIT-ADS chronology,Prefix-Only,3828,aitads/shaw-wazuh,aitads/shaw,1,0.7935240864753723,10.0,7,4448,aitads/fox-wazuh,aitads/fox,0,3883,aitads/santos-wazuh,aitads/santos,0,4450,aitads/fox-wazuh,aitads/fox,1,4474,aitads/fox-wazuh,aitads/fox,1,4472,aitads/fox-wazuh,aitads/fox,1
item_5dd8fccdb0d6,AIT-ADS chronology,Prefix-Only,3464,aitads/wheeler-wazuh,aitads/wheeler,0,0.002093409886583686,920.0,7,6687,aitads/wardbeck-wazuh,aitads/wardbeck,0,6091,aitads/wardbeck-wazuh,aitads/wardbeck,0,4236,aitads/fox-wazuh,aitads/fox,0,3295,aitads/santos-wazuh,aitads/santos,0,2381,aitads/fox-wazuh,aitads/fox,0
item_d2bf49aa84ee,AIT-ADS chronology,Prefix-Only,2297,aitads/wheeler-wazuh,aitads/wheeler,0,0.0025804671458899975,1275.0,7,7452,aitads/wardbeck-wazuh,aitads/wardbeck,0,7440,aitads/wardbeck-wazuh,aitads/wardbeck,0,1241,aitads/fox-wazuh,aitads/fox,0,6669,aitads/wardbeck-wazuh,aitads/wardbeck,0,6525,aitads/wardbeck-wazuh,aitads/wardbeck,0
item_a912011c20ae,AIT-ADS chronology,Prefix-Only,4280,aitads/wheeler-wazuh,aitads/wheeler,0,0.0020458523649722338,155.0,7,6091,aitads/wardbeck-wazuh,aitads/wardbeck,0,4236,aitads/fox-wazuh,aitads/fox,0,6687,aitads/wardbeck-wazuh,aitads/wardbeck,0,3295,aitads/santos-wazuh,aitads/santos,0,7593,aitads/wardbeck-wazuh,aitads/wardbeck,0
item_e2fcf4c13eea,AIT-ADS chronology,Prefix-Only,4268,aitads/wheeler-wazuh,aitads/wheeler,0,0.002735332353040576,175.0,7,6051,aitads/wardbeck-wazuh,aitads/wardbeck,0,7554,aitads/wardbeck-wazuh,aitads/wardbeck,0,5917,aitads/wardbeck-wazuh,aitads/wardbeck,0,6639,aitads/wardbeck-wazuh,aitads/wardbeck,0,7578,aitads/wardbeck-wazuh,aitads/wardbeck,0
item_2db01202a730,AIT-ADS chronology,Prefix-Only,848,aitads/wheeler-wazuh,aitads/wheeler,0,0.0020787150133401155,3690.0,7,6687,aitads/wardbeck-wazuh,aitads/wardbeck,0,6091,aitads/wardbeck-wazuh,aitads/wardbeck,0,4236,aitads/fox-wazuh,aitads/fox,0,3295,aitads/santos-wazuh,aitads/santos,0,2369,aitads/fox-wazuh,aitads/fox,0
item_44e0fff954e6,AIT-ADS chronology,Prefix-Only,4112,aitads/wheeler-wazuh,aitads/wheeler,0,0.0023136616218835115,435.0,7,6642,aitads/wardbeck-wazuh,aitads/wardbeck,0,7455,aitads/wardbeck-wazuh,aitads/wardbeck,0,5245,aitads/wardbeck-wazuh,aitads/wardbeck,0,3291,aitads/santos-wazuh,aitads/santos,0,7437,aitads/wardbeck-wazuh,aitads/wardbeck,0
item_1d3fec101abf,AIT-ADS chronology,Prefix-Only,509,aitads/wheeler-wazuh,aitads/wheeler,0,0.0021953124087303877,4255.0,7,6687,aitads/wardbeck-wazuh,aitads/wardbeck,0,7749,aitads/wardbeck-wazuh,aitads/wardbeck,0,5245,aitads/wardbeck-wazuh,aitads/wardbeck,0,3565,aitads/fox-wazuh,aitads/fox,0,5113,aitads/wardbeck-wazuh,aitads/wardbeck,0
item_f50d62cf9f98,AIT-ADS chronology,Prefix-Only,3380,aitads/wheeler-wazuh,aitads/wheeler,0,0.0021391361951828003,1060.0,7,6687,aitads/wardbeck-wazuh,aitads/wardbeck,0,1045,aitads/fox-wazuh,aitads/fox,0,2381,aitads/fox-wazuh,aitads/fox,0,5113,aitads/wardbeck-wazuh,aitads/wardbeck,0,6021,aitads/wardbeck-wazuh,aitads/wardbeck,0
item_7be87d8dee01,AIT-ADS chronology,Prefix-Only,4339,aitads/wheeler-aminer,aitads/wheeler,0,0.12192627787590027,55.0,7,9099,aitads/russellmitchell-aminer,aitads/russellmitchell,0,9098,aitads/russellmitchell-aminer,aitads/russellmitchell,0,9100,aitads/russellmitchell-aminer,aitads/russellmitchell,1,9102,aitads/russellmitchell-aminer,aitads/russellmitchell,1,9101,aitads/russellmitchell-aminer,aitads/russellmitchell,1
item_3c8ea7405f20,AIT-ADS chronology,Prefix-Only,2301,aitads/shaw-wazuh,aitads/shaw,0,0.0018204126972705126,770.0,7,6534,aitads/wardbeck-wazuh,aitads/wardbeck,0,1285,aitads/fox-wazuh,aitads/fox,0,7557,aitads/wardbeck-wazuh,aitads/wardbeck,0,1049,aitads/fox-wazuh,aitads/fox,0,6969,aitads/wardbeck-wazuh,aitads/wardbeck,0
item_1ef1a709928d,AIT-ADS chronology,Prefix-Only,2378,aitads/wheeler-wazuh,aitads/wheeler,0,0.0017915103817358613,1140.0,7,1131,aitads/santos-wazuh,aitads/santos,0,935,aitads/santos-wazuh,aitads/santos,0,967,aitads/santos-wazuh,aitads/santos,0,175,aitads/santos-wazuh,aitads/santos,0,1403,aitads/santos-wazuh,aitads/santos,0
item_5c44b3eee14a,AIT-ADS chronology,Prefix-Only,2466,aitads/shaw-wazuh,aitads/shaw,0,0.0018981111934408545,495.0,7,5521,aitads/wardbeck-wazuh,aitads/wardbeck,0,5517,aitads/wardbeck-wazuh,aitads/wardbeck,0,7698,aitads/wardbeck-wazuh,aitads/wardbeck,0,6047,aitads/wardbeck-wazuh,aitads/wardbeck,0,8259,aitads/wardbeck-wazuh,aitads/wardbeck,0
item_f68abb09cfcb,AIT-ADS chronology,Prefix-Only,3290,aitads/wheeler-wazuh,aitads/wheeler,0,0.002201313152909279,1210.0,7,5245,aitads/wardbeck-wazuh,aitads/wardbeck,0,1045,aitads/fox-wazuh,aitads/fox,0,6687,aitads/wardbeck-wazuh,aitads/wardbeck,0,7749,aitads/wardbeck-wazuh,aitads/wardbeck,0,3565,aitads/fox-wazuh,aitads/fox,0
item_2c9f4370c0b4,AIT-ADS chronology,Prefix-Only,1876,aitads/wheeler-aminer,aitads/wheeler,0,0.12192627787590027,1975.0,7,9099,aitads/russellmitchell-aminer,aitads/russellmitchell,0,9098,aitads/russellmitchell-aminer,aitads/russellmitchell,0,9100,aitads/russellmitchell-aminer,aitads/russellmitchell,1,9102,aitads/russellmitchell-aminer,aitads/russellmitchell,1,9101,aitads/russellmitchell-aminer,aitads/russellmitchell,1
item_3c29abd854ae,AIT-ADS chronology,Prefix-Only,1689,aitads/shaw-wazuh,aitads/shaw,0,0.0015596835874021053,1790.0,7,6879,aitads/wardbeck-wazuh,aitads/wardbeck,0,8205,aitads/wardbeck-wazuh,aitads/wardbeck,0,945,aitads/fox-wazuh,aitads/fox,0,3373,aitads/fox-wazuh,aitads/fox,0,3107,aitads/santos-wazuh,aitads/santos,0
item_956926ce776f,AIT-ADS chronology,Prefix-Only,2139,aitads/shaw-wazuh,aitads/shaw,0,0.12192627787590027,1040.0,7,9099,aitads/russellmitchell-aminer,aitads/russellmitchell,0,9098,aitads/russellmitchell-aminer,aitads/russellmitchell,0,9100,aitads/russellmitchell-aminer,aitads/russellmitchell,1,9102,aitads/russellmitchell-aminer,aitads/russellmitchell,1,9101,aitads/russellmitchell-aminer,aitads/russellmitchell,1
item_1732ef03c658,AIT-ADS chronology,Prefix-Only,4156,aitads/wheeler-aminer,aitads/wheeler,0,0.12192627787590027,360.0,7,9099,aitads/russellmitchell-aminer,aitads/russellmitchell,0,9098,aitads/russellmitchell-aminer,aitads/russellmitchell,0,9100,aitads/russellmitchell-aminer,aitads/russellmitchell,1,9102,aitads/russellmitchell-aminer,aitads/russellmitchell,1,9101,aitads/russellmitchell-aminer,aitads/russellmitchell,1
item_6de641f45f51,AIT-ADS chronology,Prefix-Only,2037,aitads/shaw-wazuh,aitads/shaw,0,0.001558904186822474,1210.0,7,140,aitads/santos-aminer,aitads/santos,0,717,aitads/fox-wazuh,aitads/fox,0,3021,aitads/fox-wazuh,aitads/fox,0,4924,aitads/wardbeck-aminer,aitads/wardbeck,0,2985,aitads/fox-wazuh,aitads/fox,0
